sku_id,category,name,mrp,discount_percent,discounted_selling_price,weight_in_gms,available_quantity,out_of_stock
SKU00049,"Fruits & Vegetables",Coriander Leaves,23330,9,21230,2000,120,False
SKU00124,"Fruits & Vegetables",Lemon,12496,15,10621,1000,33,False
SKU02165,Personal Care,Cotton Balls,85690,13,74550,50,0,True
SKU01660,"Cleaning & Household",Garbage Bags - Large,35458,22,27657,200,0,True
SKU01481,Beverages,Protein Shake - MuscleBlaze,10164,1,10062,,105,False
SKU00993,"Snacks & Munchies",Bourbon Biscuit,12724,31,8779,150,4,False
SKU02739,"Bakery & Biscuits",Khari Biscuit,28233,29,20045,40,109,False
SKU00515,"Dairy & Bread",Amul Gold Milk,41298,18,33864,1000,102,False
SKU00364,"Fruits & Vegetables","Amla (Indian Gooseberry)",8546,26,6324,1000,162,False
SKU01936,Personal Care,Oral-B Toothbrush,43580,34,28762,50,0,True
SKU00950,"Snacks & Munchies",Parle Rusk,31463,66,10697,30,0,True
SKU00547,"Dairy & Bread","Curd - Plain (400g)",17045,43,9715,,124,False
SKU01119,"Snacks & Munchies","Fox Nuts (Makhana)",22487,20,17989,50,112,False
SKU00982,"Snacks & Munchies",Oreo - Original,0,10,0,90,139,False
SKU03238,Pet Care,Pedigree Dog Food - Chicken,129461,16,108747,400,36,False
SKU02624,"Bakery & Biscuits",Britannia Cake - Chocolate,10653,67,3515,100,2,False
SKU02161,Personal Care,Cotton Balls,72575,16,60963,500,80,False
SKU00531,"Dairy & Bread",Britannia Cheese Slices,33886,,33886,500,185,False
SKU02585,"Instant & Frozen Food",Pasta - Barilla Penne,20267,30,14186,70,150,False
SKU01805,"Cleaning & Household",Fabric Softener - Comfort,61478,22,47952,750,171,False
SKU03320,Pet Care,Cat Litter - Clumping,147250,5,139887,400,149,False
SKU02822,"Bakery & Biscuits",Rusk - Premium,15277,32,10388,200,39,False
SKU03085,Baby Care,Baby Shampoo - Johnson's,61256,4,58805,200,172,False
SKU00616,"Dairy & Bread",Pav - Ladi,33311,59,13657,400,187,False
SKU01294,Beverages,Red Bull 250ml,20034,0,20034,500,61,False
SKU01669,"Cleaning & Household",Aluminium Foil - 9m,61828,6,58118,1000,117,False
SKU02490,"Instant & Frozen Food",Upma Mix - MTR,48855,41,28824,400,111,False
SKU00020,"Fruits & Vegetables",Tomato - Hybrid,3507,21,2770,500,0,True
SKU01943,Personal Care,Listerine Mouthwash,97796,35,63567,75,0,True
SKU02063,Personal Care,Dettol Soap - 125g,6768,8,6226,75,130,False
SKU02769,"Bakery & Biscuits",Patties - Chicken,26063,17,21632,,71,False
SKU03376,Pet Care,Dog Leash,98306,52,47186,100,0,True
SKU00485,"Fruits & Vegetables",Spring Onion,5841,21,4614,2000,46,False
SKU03338,Pet Care,Dog Shampoo,79898,33,53531,400,76,False
SKU03306,Pet Care,Drools Dog Treat,52440,,48769,400,63,False
SKU01286,Beverages,Paper Boat Aam Panna,22861,1,22632,750,66,False
SKU01575,"Cleaning & Household",Harpic Toilet Cleaner,57131,5,54274,200,144,False
SKU01015,"Snacks & Munchies",Jim Jam Biscuit,21384,4,20528,30,53,False
SKU01960,Personal Care,"Head & Shoulders Shampoo",116390,34,76817,200,104,False
SKU00360,"Fruits & Vegetables","Amla (Indian Gooseberry)",23647,31,16316,500,179,False
SKU03218,Baby Care,Baby Bib,192199,30,134539,200,0,True
SKU02103,Personal Care,Gillette Mach3 Razor,67409,0,67409,250,16,False
SKU01491,Beverages,Horlicks 500g,31958,27,23329,1000,69,False
SKU01114,"Snacks & Munchies","Fox Nuts (Makhana)",31648,15,26900,200,153,False
SKU01732,"Cleaning & Household",Hit Cockroach Spray,23271,30,16289,2000,47,False
SKU01757,"Cleaning & Household",Hand Wash - Dettol,45593,10,41033,,0,True
SKU02078,Personal Care,Dove Beauty Bar,119951,30,83965,250,0,True
SKU02912,"Bakery & Biscuits",Sourdough Bread,32480,29,23060,200,155,False
SKU02817,"Bakery & Biscuits",Rusk - Premium,10258,59,4205,40,14,False
SKU00308,"Fruits & Vegetables",Ridge Gourd,6423,67,2119,250,0,True
SKU03210,Baby Care,Baby Bib,158345,20,126676,300,128,False
SKU00281,"Fruits & Vegetables",Mushroom - Button,5699,17,4730,2000,8,False
SKU00352,"Fruits & Vegetables",Curry Leaves,8674,31,5985,1500,33,False
SKU01205,Beverages,Sprite 750ml,45406,32,30876,500,10,False
SKU01013,"Snacks & Munchies",Jim Jam Biscuit,1670,33,1118,90,52,False
SKU00968,"Snacks & Munchies","Hide & Seek",38713,29,27486,400,76,False
SKU01972,Personal Care,Dove Shampoo - Daily Shine,28697,22,22383,100,57,False
SKU02076,Personal Care,Dove Beauty Bar,35124,16,29504,500,124,False
SKU02412,"Instant & Frozen Food",Instant Pasta - Knorr,43217,28,31116,500,184,False
SKU02754,"Bakery & Biscuits",Puff - Veg,26757,61,10435,100,0,True
SKU01098,"Snacks & Munchies",Roasted Almonds - Salted,16296,1,16133,200,132,False
SKU01688,"Cleaning & Household",Paper Towel Roll,74633,26,55228,400,3,False
SKU02491,"Instant & Frozen Food",Upma Mix - MTR,8701,29,6177,400,49,False
SKU02768,"Bakery & Biscuits",Patties - Chicken,18556,4,17813,100,28,False
SKU01430,Beverages,Kombucha - Bombucha,24641,30,17248,1000,0,True
SKU02072,Personal Care,Dove Beauty Bar,47079,52,22597,200,58,False
SKU00628,"Dairy & Bread",Milk Bread,34506,21,27259,500,167,False
SKU01418,Beverages,Coconut Water - Raw Pressery,39684,0,39684,200,89,False
SKU02029,Personal Care,Ponds Face Wash,47983,20,38386,,199,False
SKU02223,Personal Care,Face Cream - Olay,27439,5,26067,75,0,True
SKU03063,Baby Care,MamyPoko Pants - L,67007,12,58966,500,0,True
SKU02125,Personal Care,Deodorant - Fogg,34211,5,32500,250,107,False
SKU02137,Personal Care,Perfume - Wild Stone,112650,59,46186,150,177,False
SKU00996,"Snacks & Munchies",Bourbon Biscuit,10210,7,9495,50,148,False
SKU01018,"Snacks & Munchies",Jim Jam Biscuit,33773,,23303,90,195,False
SKU01595,"Cleaning & Household",Surf Excel Matic Top Load,77264,25,57948,1000,78,False
SKU02318,"Instant & Frozen Food",MTR Ready-to-Eat Rajma,45092,,42386,70,80,False
SKU00416,"Fruits & Vegetables",Kiwi - Green,0,23,0,,72,False
SKU01537,Beverages,Instant Coffee - Nescafe,40057,8,36852,350,0,True
SKU03136,Baby Care,Baby Soap - Dove,23172,22,18074,200,72,False
SKU00133,"Fruits & Vegetables",Ginger,22598,6,21242,1000,0,True
SKU01360,Beverages,Tonic Water - Schweppes,3244,0,3244,350,121,False
SKU02831,"Bakery & Biscuits",Cake Rusk - Britannia,2567,19,2079,,0,True
SKU01986,Personal Care,Pantene Conditioner,117040,12,102995,200,0,True
SKU02126,Personal Care,Perfume - Wild Stone,64492,14,55463,250,57,False
SKU00932,"Snacks & Munchies",Too Yumm Multigrain,11644,7,10828,90,32,False
SKU02031,Personal Care,Ponds Face Wash,10213,17,8476,150,9,False
SKU03314,Pet Care,Drools Dog Treat,24086,25,18064,500,3,False
SKU02995,Baby Care,Lactogen 1,138569,11,123326,100,0,True
SKU00544,"Dairy & Bread","Curd - Plain (400g)",28263,,23175,1000,112,False
SKU00309,"Fruits & Vegetables",Ridge Gourd,24846,18,20373,500,180,False
SKU00584,"Dairy & Bread",Amul Masti Buttermilk,44642,18,36606,1000,30,False
SKU03391,Pet Care,Dog Toy - Ball,47168,,36319,400,33,False
SKU01586,"Cleaning & Household",Surf Excel Matic Top Load,32475,,29227,1000,30,False
SKU01543,"Cleaning & Household",Vim Dishwash Gel - Lemon,29932,,29034,,185,False
SKU02482,"Instant & Frozen Food",Upma Mix - MTR,45884,69,14224,500,21,False
SKU00464,"Fruits & Vegetables",Radish,9593,9,8729,500,198,False
SKU02292,"Instant & Frozen Food",Yippee Noodles - Classic,43074,69,13352,200,0,True
SKU00159,"Fruits & Vegetables",Beetroot,5746,44,3217,1500,0,True
SKU00879,"Snacks & Munchies",Haldiram's Aloo Bhujia,22275,17,18488,200,174,False
SKU00770,"Dairy & Bread",Condensed Milk - Milkmaid,17117,8,15747,500,29,False
SKU00989,"Snacks & Munchies",Oreo - Original,29389,0,29389,30,70,False
SKU00818,"Dairy & Bread",Dahi - Set,2775,,2275,400,0,True
SKU01113,"Snacks & Munchies",Cashew Nuts - W320,9183,26,6795,150,81,False
SKU02553,"Instant & Frozen Food",Chapati - Ready to Eat,48302,20,38641,400,52,False
SKU03019,Baby Care,Pampers Diapers - M,154694,65,54142,500,0,True
SKU01600,"Cleaning & Household",Tide Detergent Powder,75861,24,57654,2000,0,True
SKU03185,Baby Care,Teether,118553,39,72317,500,0,True
SKU00890,"Snacks & Munchies",Pringles Original,27437,10,24693,150,188,False
SKU00351,"Fruits & Vegetables",Curry Leaves,20213,33,13542,1000,0,True
SKU00682,"Dairy & Bread",Flavoured Yogurt - Strawberry,48477,32,32964,400,103,False
SKU02281,"Instant & Frozen Food",Maggi 2-Minute Noodles,38892,60,15556,50,65,False
SKU00918,"Snacks & Munchies",Cornitos Nachos,23213,33,15552,200,194,False
SKU03131,Baby Care,Baby Soap - Dove,176613,35,114798,500,119,False
SKU03234,Baby Care,Baby Towel,110360,5,104842,100,26,False
SKU01538,Beverages,Instant Coffee - Nescafe,24905,5,23659,500,145,False
SKU01854,"Cleaning & Household",Naphthalene Balls,56225,14,48353,2000,66,False
SKU02415,"Instant & Frozen Food",Instant Pasta - Knorr,25828,33,17304,500,25,False
SKU03149,Baby Care,Diaper Rash Cream,19026,26,14079,200,163,False
SKU00244,"Fruits & Vegetables",Mango - Alphonso,9097,14,7823,250,6,False
SKU02172,Personal Care,Ear Buds,39168,6,36817,50,0,True
SKU00420,"Fruits & Vegetables",Avocado,6464,3,6270,1000,158,False
SKU00456,"Fruits & Vegetables",Sweet Potato,6292,26,4656,,110,False
SKU01929,Personal Care,Oral-B Toothbrush,45141,16,37918,500,134,False
SKU02501,"Instant & Frozen Food",Dosa Batter - iD,32256,20,25804,50,48,False
SKU01405,Beverages,Cold Coffee - Starbucks,40814,0,40814,500,47,False
SKU03425,Pet Care,Bird Seed Mix,64495,57,27732,200,188,False
SKU02954,"Bakery & Biscuits",Eclair - Chocolate,6956,33,4660,60,40,False
SKU03443,Pet Care,Pet Carrier - Small,24857,35,16157,400,48,False
SKU02485,"Instant & Frozen Food",Upma Mix - MTR,8384,20,6707,1000,185,False
SKU00751,"Dairy & Bread",Skimmed Milk Powder,13419,,7246,1000,5,False
SKU01940,Personal Care,Listerine Mouthwash,71202,56,31328,100,12,False
SKU03183,Baby Care,Teether,128582,13,111866,100,68,False
SKU02273,"Instant & Frozen Food",Maggi 2-Minute Noodles,49564,31,34199,500,128,False
SKU00650,"Dairy & Bread",Cheese Spread - Amul,39127,13,34040,200,157,False
SKU00240,"Fruits & Vegetables",Pomegranate,12104,17,10046,2000,171,False
SKU01412,Beverages,Coconut Water - Raw Pressery,42628,17,35381,350,9,False
SKU02685,"Bakery & Biscuits",Brownie - Chocolate,26537,,25210,150,135,False
SKU00182,"Fruits & Vegetables",Cauliflower,5826,28,4194,500,0,True
SKU00183,"Fruits & Vegetables",Cauliflower,19216,17,15949,250,108,False
SKU03174,Baby Care,Sippy Cup,137691,13,119791,500,3,False
SKU00296,"Fruits & Vegetables",Peas - Green,22255,15,18916,1500,52,False
SKU00894,"Snacks & Munchies",Pringles Original,35900,3,34823,400,165,False
SKU00988,"Snacks & Munchies",Oreo - Original,26250,1,25987,30,196,False
SKU01328,Beverages,Sting Energy Drink,5122,0,5122,350,66,False
SKU00707,"Dairy & Bread","Lassi - Mango (Amul)",13269,10,11942,200,135,False
SKU02342,"Instant & Frozen Food",Haldiram's Frozen Paratha,49587,32,33719,200,0,True
SKU02538,"Instant & Frozen Food",Frozen Spring Roll,40220,31,27751,,1,False
SKU02403,"Instant & Frozen Food",Frozen Fish Fingers,43638,11,38837,500,0,True
SKU00213,"Fruits & Vegetables",Sweet Corn,17721,27,12936,1000,196,False
SKU01576,"Cleaning & Household",Harpic Toilet Cleaner,10871,40,6522,500,16,False
SKU02997,Baby Care,Lactogen 1,71572,10,64414,400,117,False
SKU02459,"Instant & Frozen Food",Muesli - Bagrry's,34672,0,34672,140,162,False
SKU02325,"Instant & Frozen Food",MTR Ready-to-Eat Rajma,34386,25,25789,200,70,False
SKU02698,"Bakery & Biscuits",Bread Roll,27804,2,27247,300,65,False
SKU00760,"Dairy & Bread",Skimmed Milk Powder,29450,1,29155,500,85,False
SKU01339,Beverages,Bisleri Water 1L,47647,6,44788,750,118,False
SKU02453,"Instant & Frozen Food",Muesli - Bagrry's,2419,2,2370,50,130,False
SKU00877,"Snacks & Munchies",Bingo Mad Angles,37463,34,24725,90,120,False
SKU00165,"Fruits & Vegetables",Cabbage,10314,16,8663,2000,89,False
SKU02783,"Bakery & Biscuits",Donut - Glazed,18026,37,11356,150,48,False
SKU02581,"Instant & Frozen Food",Pasta - Barilla Penne,31779,52,15253,1000,55,False
SKU02909,"Bakery & Biscuits",Sourdough Bread,22373,14,19240,100,47,False
SKU00293,"Fruits & Vegetables",Peas - Green,8057,2,7895,2000,37,False
SKU02274,"Instant & Frozen Food",Maggi 2-Minute Noodles,26697,50,13348,1000,73,False
SKU03352,Pet Care,Dog Biscuit - Milk Bone,124198,6,116746,100,0,True
SKU01957,Personal Care,"Head & Shoulders Shampoo",41873,60,16749,200,48,False
SKU01007,"Snacks & Munchies",Dark Fantasy,5918,21,4675,400,7,False
SKU02475,"Instant & Frozen Food",Poha - Instant,44266,0,44266,200,122,False
SKU00164,"Fruits & Vegetables",Cabbage,24533,31,16927,500,30,False
SKU01779,"Cleaning & Household",Broom - Grass,34557,21,27300,750,0,True
SKU03275,Pet Care,Whiskas Cat Food - Tuna,80115,26,59285,,41,False
SKU02020,Personal Care,Vaseline Intensive Care,22877,,15556,250,0,True
SKU02960,"Bakery & Biscuits",Eclair - Chocolate,27353,0,27353,,115,False
SKU02307,"Instant & Frozen Food",Cup Noodles - Masala,28367,10,25530,400,61,False
SKU00153,"Fruits & Vegetables",Beetroot,13150,4,12624,1000,17,False
SKU02518,"Instant & Frozen Food",Frozen Samosa,41110,6,38643,140,187,False
SKU02927,"Bakery & Biscuits",Bagel - Plain,6321,27,4614,150,32,False
SKU00269,"Fruits & Vegetables",Papaya,20490,31,14138,1500,88,False
SKU00674,"Dairy & Bread",Flavoured Yogurt - Strawberry,28373,5,26954,200,154,False
SKU02248,Personal Care,Talcum Powder - Ponds,52639,4,50533,75,27,False
SKU03383,Pet Care,Cat Toy - Mouse,17921,,15770,3000,121,False
SKU02914,"Bakery & Biscuits",Focaccia Bread,12620,35,8203,60,22,False
SKU01597,"Cleaning & Household",Surf Excel Matic Top Load,47269,8,43487,400,84,False
SKU03187,Baby Care,Teether,65336,29,46388,500,0,True
SKU01087,"Snacks & Munchies",Trail Mix - Dry Fruits,34292,17,28462,50,0,True
SKU01512,Beverages,Glucon-D Orange,22171,27,16184,1000,0,True
SKU00651,"Dairy & Bread",Cheese Spread - Amul,2880,51,1411,100,0,True
SKU00105,"Fruits & Vegetables","Ladies Finger (Bhindi)",10647,51,5217,500,197,False
SKU02431,"Instant & Frozen Food","Soup - Knorr Hot & Sour",18502,13,16096,70,131,False
SKU03412,Pet Care,Fish Food - Taiyo,128034,33,85782,400,26,False
SKU01179,Beverages,Coca Cola 750ml,44795,7,41659,500,163,False
SKU02860,"Bakery & Biscuits",Butter Cookies - Danish,33365,30,23355,40,0,True
SKU00749,"Dairy & Bread",Tofu - Firm,7566,4,7263,,63,False
SKU02121,Personal Care,Deodorant - Fogg,104345,57,44868,50,0,True
SKU00522,"Dairy & Bread",Amul Butter - 100g,53962,8,49645,,105,False
SKU01112,"Snacks & Munchies",Cashew Nuts - W320,28541,23,21976,,178,False
SKU00951,"Snacks & Munchies",Parle Rusk,33018,31,22782,90,129,False
SKU01696,"Cleaning & Household",Paper Towel Roll,49277,9,44842,400,101,False
SKU02932,"Bakery & Biscuits",Bagel - Plain,33176,16,27867,200,121,False
SKU01738,"Cleaning & Household",Phenyl - White,35448,16,29776,200,193,False
SKU00838,"Dairy & Bread",Milkshake - Chocolate,40981,19,33194,1000,12,False
SKU02806,"Bakery & Biscuits",Swiss Roll,34990,32,23793,40,94,False
SKU02615,"Instant & Frozen Food",Frozen Momos - Wo Momo,28028,22,21861,140,23,False
SKU02810,"Bakery & Biscuits",Swiss Roll,17340,13,15085,40,26,False
SKU02748,"Bakery & Biscuits",Cream Roll,13280,67,4382,,73,False
SKU02761,"Bakery & Biscuits",Patties - Chicken,17088,8,15720,150,0,True
SKU01180,Beverages,Coca Cola 750ml,49288,,37951,350,192,False
SKU00519,"Dairy & Bread",Amul Butter - 100g,3494,34,2306,1000,91,False
SKU02098,Personal Care,Gillette Mach3 Razor,14183,30,9928,200,0,True
SKU01868,"Cleaning & Household",Rat Trap - Glue,71481,31,49321,200,168,False
SKU00764,"Dairy & Bread",Condensed Milk - Milkmaid,36473,13,31731,500,0,True
SKU00957,"Snacks & Munchies",Monaco Biscuit,32414,27,23662,200,44,False
SKU02687,"Bakery & Biscuits",Brownie - Chocolate,3219,2,3154,100,154,False
SKU02055,Personal Care,Sunscreen - Lakme SPF50,24984,55,11242,250,72,False
SKU02154,Personal Care,Cotton Balls,13411,15,11399,250,0,True
SKU02719,"Bakery & Biscuits",Pizza Base,28288,19,22913,40,80,False
SKU00022,"Fruits & Vegetables",Potato,18847,2,18470,500,77,False
SKU00067,"Fruits & Vegetables",Banana - Robusta,18356,33,12298,1000,17,False
SKU02298,"Instant & Frozen Food",Top Ramen - Curry,9674,32,6578,400,168,False
SKU00931,"Snacks & Munchies",Too Yumm Multigrain,8610,1,8523,90,151,False
SKU03287,Pet Care,Whiskas Cat Food - Chicken,33091,66,11250,3000,13,False
SKU03342,Pet Care,Cat Shampoo,11000,,10780,1000,4,False
SKU01475,Beverages,Protein Shake - MuscleBlaze,7695,,5617,750,97,False
SKU01219,Beverages,Frooti Mango 200ml,38343,29,27223,500,0,True
SKU01417,Beverages,Coconut Water - Raw Pressery,40719,12,35832,350,116,False
SKU01636,"Cleaning & Household",Domex Toilet Cleaner,27825,,23651,750,27,False
SKU02049,Personal Care,Sunscreen - Lakme SPF50,47993,22,37434,250,119,False
SKU00361,"Fruits & Vegetables","Amla (Indian Gooseberry)",14081,50,7040,1000,36,False
SKU02667,"Bakery & Biscuits",Treat Croissant - Chocolate,27783,24,21115,200,0,True
SKU02430,"Instant & Frozen Food","Soup - Knorr Hot & Sour",47625,27,34766,400,0,True
SKU00591,"Dairy & Bread",Greek Yogurt - Plain,53980,27,39405,100,122,False
SKU02372,"Instant & Frozen Food",Frozen Peas - Safal,12516,24,9512,500,119,False
SKU03001,Baby Care,Nan Pro 2,141405,31,97569,100,95,False
SKU02955,"Bakery & Biscuits",Eclair - Chocolate,3998,1,3958,60,128,False
SKU01525,Beverages,Electral Powder,17820,11,15859,1000,162,False
SKU02870,"Bakery & Biscuits",Butter Cookies - Danish,22811,3,22126,60,0,True
SKU00321,"Fruits & Vegetables",Drumstick,8869,11,7893,500,165,False
SKU02711,"Bakery & Biscuits",Pizza Base,0,10,0,100,7,False
SKU02091,Personal Care,Lifebuoy Handwash Refill,52744,,51161,250,11,False
SKU00910,"Snacks & Munchies",Act II Popcorn - Butter,37707,11,33559,400,185,False
SKU00217,"Fruits & Vegetables",Sweet Corn,24783,34,16356,2000,0,True
SKU00560,"Dairy & Bread",Paneer - Fresh,4217,58,1771,100,169,False
SKU01985,Personal Care,Pantene Conditioner,74676,,49286,150,71,False
SKU01163,"Snacks & Munchies",Mathri,17395,28,12524,50,78,False
SKU03359,Pet Care,Dog Biscuit - Milk Bone,5541,15,4709,,0,True
SKU00046,"Fruits & Vegetables",Green Chilli,7250,12,6380,1000,200,False
SKU00432,"Fruits & Vegetables",Dragon Fruit,4797,54,2206,1500,71,False
SKU02349,"Instant & Frozen Food",Haldiram's Frozen Paratha,2347,40,1408,50,0,True
SKU00467,"Fruits & Vegetables",Radish,6190,44,3466,500,0,True
SKU02397,"Instant & Frozen Food",Frozen Fish Fingers,23058,0,23058,140,68,False
SKU00569,"Dairy & Bread",Paneer - Fresh,44992,22,35093,1000,13,False
SKU02145,Personal Care,Sanitary Pads - Whisper,38342,5,36424,100,58,False
SKU03421,Pet Care,Bird Seed Mix,42589,45,23423,3000,0,True
SKU01931,Personal Care,Oral-B Toothbrush,101910,,93757,75,18,False
SKU02249,Personal Care,Talcum Powder - Ponds,76034,22,59306,200,2,False
SKU01141,"Snacks & Munchies",Granola Bar - Nature Valley,11410,31,7872,90,123,False
SKU02544,"Instant & Frozen Food",Chapati - Ready to Eat,47294,22,36889,400,111,False
SKU03253,Pet Care,Pedigree Dog Food - Veg,122871,2,120413,3000,195,False
SKU01871,"Cleaning & Household",Drain Cleaner,53028,10,47725,2000,193,False
SKU02497,"Instant & Frozen Food",Dosa Batter - iD,11882,12,10456,200,0,True
SKU00096,"Fruits & Vegetables",Capsicum - Green,3638,47,1928,2000,43,False
SKU01558,"Cleaning & Household",Lizol Floor Cleaner - Citrus,12730,34,8401,1000,191,False
SKU00529,"Dairy & Bread",Britannia Cheese Slices,13387,67,4417,1000,0,True
SKU01623,"Cleaning & Household",Colin Glass Cleaner,29754,0,29754,1000,188,False
SKU00981,"Snacks & Munchies",Oreo - Original,14074,11,12525,400,18,False
SKU00314,"Fruits & Vegetables",Ridge Gourd,24450,16,20538,250,49,False
SKU00219,"Fruits & Vegetables",Sweet Corn,19985,,19985,500,176,False
SKU03437,Pet Care,Pet Carrier - Small,78931,25,59198,1000,153,False
SKU01841,"Cleaning & Household",Dish Cloth - 3 Pack,48322,2,47355,1000,200,False
SKU02444,"Instant & Frozen Food",Oats - Quaker,24154,34,15941,70,11,False
SKU02666,"Bakery & Biscuits",Treat Croissant - Chocolate,5241,8,4821,200,96,False
SKU01022,"Snacks & Munchies",Jim Jam Biscuit,10044,30,7030,50,4,False
SKU01563,"Cleaning & Household",Lizol Floor Cleaner - Citrus,37928,5,36031,750,188,False
SKU02646,"Bakery & Biscuits",Tiger Glucose Biscuit,6114,26,4524,300,105,False
SKU00451,"Fruits & Vegetables",Sweet Potato,15546,,15235,1000,77,False
SKU01892,"Cleaning & Household",Glass Wiper,72541,16,60934,750,0,True
SKU00225,"Fruits & Vegetables",Tender Coconut,2363,4,2268,2000,36,False
SKU01671,"Cleaning & Household",Aluminium Foil - 9m,21868,6,20555,400,0,True
SKU02124,Personal Care,Deodorant - Fogg,56676,13,49308,250,47,False
SKU02564,"Instant & Frozen Food",Atta Noodles - Patanjali,36742,31,25351,70,0,True
SKU02216,Personal Care,Face Cream - Olay,40555,32,27577,,90,False
SKU00294,"Fruits & Vegetables",Peas - Green,13617,18,11165,1500,169,False
SKU00029,"Fruits & Vegetables",Potato,10438,5,9916,500,78,False
SKU01063,"Snacks & Munchies",Good Day Butter Cookies,22250,14,19135,400,109,False
SKU01390,Beverages,Filter Coffee Decoction,12865,52,6175,500,0,True
SKU02458,"Instant & Frozen Food",Muesli - Bagrry's,38570,24,29313,70,41,False
SKU00528,"Dairy & Bread",Britannia Cheese Slices,31153,4,29906,1000,96,False
SKU01306,Beverages,Monster Energy 350ml,59262,9,53928,1000,86,False
SKU00019,"Fruits & Vegetables",Tomato - Hybrid,6588,15,5599,1000,188,False
SKU03073,Baby Care,Baby Wipes - Johnson's,191960,20,153568,100,115,False
SKU01706,"Cleaning & Household",Room Freshener - Odonil,44320,51,21716,400,36,False
SKU02791,"Bakery & Biscuits",Cup Cake - Vanilla,27111,11,24128,100,136,False
SKU01846,"Cleaning & Household",Naphthalene Balls,64283,8,59140,200,91,False
SKU02607,"Instant & Frozen Food",Instant Rice - Minute,41389,3,40147,400,123,False
SKU02859,"Bakery & Biscuits",Cookies - Choco Chip,10100,34,6665,60,158,False
SKU00987,"Snacks & Munchies",Oreo - Original,33908,4,32551,150,69,False
SKU00040,"Fruits & Vegetables",Green Chilli,0,5,0,500,63,False
SKU02324,"Instant & Frozen Food",MTR Ready-to-Eat Rajma,3812,,2630,50,47,False
SKU00792,"Dairy & Bread",Buttermilk - Masala,42931,1,42501,400,2,False
SKU03378,Pet Care,Dog Leash,92819,18,76111,1000,189,False
SKU00060,"Fruits & Vegetables",Banana - Robusta,15840,4,15206,2000,29,False
SKU01899,Personal Care,Colgate MaxFresh Toothpaste,50486,4,48466,75,51,False
SKU01844,"Cleaning & Household",Dish Cloth - 3 Pack,70086,12,61675,2000,48,False
SKU00400,"Fruits & Vegetables",Pineapple,13214,14,11364,1000,88,False
SKU01042,"Snacks & Munchies",Marie Gold,7725,16,6489,50,26,False
SKU02554,"Instant & Frozen Food",Chapati - Ready to Eat,13817,20,11053,200,42,False
SKU02792,"Bakery & Biscuits",Cup Cake - Vanilla,23725,22,18505,100,11,False
SKU01672,"Cleaning & Household",Aluminium Foil - 9m,10026,14,8622,1000,134,False
SKU00854,"Snacks & Munchies",Kurkure Masala Munch,16451,20,13160,50,46,False
SKU00288,"Fruits & Vegetables",Mushroom - Button,21147,4,20301,2000,65,False
SKU02623,"Bakery & Biscuits",Britannia Cake - Chocolate,0,17,0,150,194,False
SKU02802,"Bakery & Biscuits",Swiss Roll,11574,60,4629,300,96,False
SKU02469,"Instant & Frozen Food",Cornflakes - Kellogg's,2134,3,2069,1000,112,False
SKU02097,Personal Care,Gillette Mach3 Razor,51654,-7,42356,50,151,False
SKU02080,Personal Care,Dove Beauty Bar,17211,34,11359,75,0,True
SKU01999,Personal Care,Nivea Body Lotion,39304,53,18472,500,125,False
SKU01590,"Cleaning & Household",Surf Excel Matic Top Load,32112,2,31469,2000,115,False
SKU01050,"Snacks & Munchies",Good Day Butter Cookies,34214,15,29081,400,121,False
SKU03451,Pet Care,Pet Carrier - Small,129947,8,119551,400,154,False
SKU02671,"Bakery & Biscuits",Muffin - Blueberry,34144,25,25608,150,0,True
SKU03415,Pet Care,Fish Food - Taiyo,105996,28,76317,100,59,False
SKU01366,Beverages,Green Tea - Lipton,46173,47,24471,250,0,True
SKU01239,Beverages,Maaza Mango 600ml,25247,18,20702,250,143,False
SKU00162,"Fruits & Vegetables",Cabbage,17521,29,12439,1000,124,False
SKU00303,"Fruits & Vegetables","Bottle Gourd (Lauki)",1544,33,1034,1500,3,False
SKU01108,"Snacks & Munchies",Cashew Nuts - W320,15324,35,9960,200,63,False
SKU03175,Baby Care,Sippy Cup,184660,22,144034,300,178,False
SKU01501,Beverages,Bournvita 500g,48396,27,35329,750,141,False
SKU02779,"Bakery & Biscuits",Donut - Glazed,18273,14,15714,150,62,False
SKU01361,Beverages,Green Tea - Lipton,3553,29,2522,250,0,True
SKU00552,"Dairy & Bread","Curd - Plain (400g)",23883,31,16479,200,45,False
SKU01622,"Cleaning & Household",Colin Glass Cleaner,44329,30,31030,400,187,False
SKU00472,"Fruits & Vegetables",Radish,15059,64,5421,2000,175,False
SKU02943,"Bakery & Biscuits",Cinnamon Roll,2806,31,1936,40,0,True
SKU00799,"Dairy & Bread",Shrikhand - Kesar,42183,28,30371,200,60,False
SKU00015,"Fruits & Vegetables",Tomato - Hybrid,12998,14,11178,1000,22,False
SKU02855,"Bakery & Biscuits",Cookies - Choco Chip,24681,5,23446,40,30,False
SKU03404,Pet Care,Fish Food - Taiyo,103404,51,50667,1000,149,False
SKU01692,"Cleaning & Household",Paper Towel Roll,35970,21,28416,1000,180,False
SKU00200,"Fruits & Vegetables","Spinach (Palak)",11474,12,10097,250,74,False
SKU01772,"Cleaning & Household",Mop Refill,79767,52,38288,750,44,False
SKU03232,Baby Care,Baby Towel,43654,17,36232,400,142,False
SKU01783,"Cleaning & Household",Broom - Grass,10893,20,8714,,196,False
SKU00239,"Fruits & Vegetables",Pomegranate,9173,65,3210,250,191,False
SKU02552,"Instant & Frozen Food",Chapati - Ready to Eat,34229,18,28067,50,158,False
SKU02026,Personal Care,Ponds Face Wash,43124,33,28893,100,0,True
SKU03015,Baby Care,Pampers Diapers - S,103299,31,71276,500,19,False
SKU01422,Beverages,Coconut Water - Raw Pressery,0,29,0,250,0,True
SKU00190,"Fruits & Vegetables","Spinach (Palak)",13800,7,12834,2000,120,False
SKU02663,"Bakery & Biscuits",Treat Croissant - Chocolate,14949,25,11211,40,0,True
SKU00071,"Fruits & Vegetables",Apple - Shimla,14774,,5909,500,101,False
SKU03251,Pet Care,Pedigree Dog Food - Veg,129160,4,123993,100,0,True
SKU02549,"Instant & Frozen Food",Chapati - Ready to Eat,29521,34,19483,50,0,True
SKU00065,"Fruits & Vegetables",Banana - Robusta,7816,22,6096,2000,64,False
SKU01280,Beverages,Paper Boat Aam Panna,43351,5,41183,1000,49,False
SKU02866,"Bakery & Biscuits",Butter Cookies - Danish,3548,24,2696,300,29,False
SKU02734,"Bakery & Biscuits",Khari Biscuit,1589,41,937,60,172,False
SKU02677,"Bakery & Biscuits",Muffin - Blueberry,19336,10,17402,150,88,False
SKU00424,"Fruits & Vegetables",Avocado,14741,54,6780,1000,32,False
SKU01139,"Snacks & Munchies",Granola Bar - Nature Valley,22020,5,20919,400,69,False
SKU00525,"Dairy & Bread",Amul Butter - 100g,32008,50,16004,500,0,True
SKU01879,"Cleaning & Household",Drain Cleaner,23858,17,19802,200,55,False
SKU01047,"Snacks & Munchies",Marie Gold,16662,19,13496,90,192,False
SKU03134,Baby Care,Baby Soap - Dove,128599,35,83589,400,0,True
SKU01080,"Snacks & Munchies",Trail Mix - Dry Fruits,21752,23,16749,150,73,False
SKU00598,"Dairy & Bread","Bread - White (Britannia)",39494,1,39099,100,5,False
SKU02780,"Bakery & Biscuits",Donut - Glazed,19620,33,13145,40,0,True
SKU01056,"Snacks & Munchies",Good Day Butter Cookies,2095,,1026,400,17,False
SKU02440,"Instant & Frozen Food",Oats - Quaker,8163,51,3999,140,149,False
SKU03163,Baby Care,Baby Feeding Bottle,91365,0,91365,100,129,False
SKU03041,Baby Care,Huggies Diapers - S,180764,46,97612,,70,False
SKU03285,Pet Care,Whiskas Cat Food - Chicken,57795,14,49703,100,66,False
SKU01947,Personal Care,"Head & Shoulders Shampoo",73680,57,31682,50,63,False
SKU01778,"Cleaning & Household",Broom - Grass,49180,31,33934,1000,70,False
SKU02071,Personal Care,Dove Beauty Bar,19420,18,15924,500,195,False
SKU02676,"Bakery & Biscuits",Muffin - Blueberry,29644,15,25197,,200,False
SKU02377,"Instant & Frozen Food",Frozen Mixed Vegetables,31128,52,14941,,0,True
SKU03432,Pet Care,Hamster Food,19684,59,8070,200,0,True
SKU01178,Beverages,Coca Cola 750ml,51009,18,41827,1000,86,False
SKU00869,"Snacks & Munchies",Bingo Mad Angles,19635,32,13351,150,200,False
SKU00795,"Dairy & Bread",Shrikhand - Kesar,49732,2,48737,200,36,False
SKU00548,"Dairy & Bread","Curd - Plain (400g)",33139,16,27836,1000,173,False
SKU01397,Beverages,Filter Coffee Decoction,50109,9,45599,250,0,True
SKU00023,"Fruits & Vegetables",Potato,22993,26,17014,,128,False
SKU02062,Personal Care,Dettol Soap - 125g,106146,22,82793,250,192,False
SKU01314,Beverages,Monster Energy 350ml,21469,63,7943,350,151,False
SKU00384,"Fruits & Vegetables",Guava,9827,20,7861,,1,False
SKU01635,"Cleaning & Household",Domex Toilet Cleaner,43467,0,43467,750,0,True
SKU01796,"Cleaning & Household",Dustpan,8549,9,7779,2000,125,False
SKU00454,"Fruits & Vegetables",Sweet Potato,6675,48,3471,2000,0,True
SKU03240,Pet Care,Pedigree Dog Food - Chicken,114996,14,98896,100,170,False
SKU02287,"Instant & Frozen Food",Yippee Noodles - Classic,31554,34,20825,140,28,False
SKU01698,"Cleaning & Household",Toilet Paper - 4 Pack,72572,32,49348,400,0,True
SKU01121,"Snacks & Munchies","Fox Nuts (Makhana)",21354,20,17083,200,0,True
SKU01480,Beverages,Protein Shake - MuscleBlaze,33045,0,33045,200,69,False
SKU00554,"Dairy & Bread","Curd - Plain (400g)",29600,0,29600,500,182,False
SKU02338,"Instant & Frozen Food",MTR Ready-to-Eat Dal Fry,43473,26,32170,200,0,True
SKU01939,Personal Care,Listerine Mouthwash,8531,24,6483,200,79,False
SKU00659,"Dairy & Bread",Hung Curd,0,5,0,100,55,False
SKU02798,"Bakery & Biscuits",Swiss Roll,29790,54,13703,300,116,False
SKU00603,"Dairy & Bread","Bread - White (Britannia)",19429,54,8937,100,0,True
SKU00450,"Fruits & Vegetables",Sweet Potato,11715,51,5740,2000,0,True
SKU02359,"Instant & Frozen Food",McCain French Fries,1219,5,1158,500,73,False
SKU02147,Personal Care,Sanitary Pads - Whisper,48701,18,39934,500,12,False
SKU03030,Baby Care,Pampers Diapers - L,178412,12,157002,400,97,False
SKU02241,Personal Care,Talcum Powder - Ponds,25468,4,24449,75,178,False
SKU03277,Pet Care,Whiskas Cat Food - Chicken,76746,68,24558,3000,0,True
SKU02246,Personal Care,Talcum Powder - Ponds,83723,4,80374,50,157,False
SKU03025,Baby Care,Pampers Diapers - M,143714,-9,139402,200,36,False
SKU02019,Personal Care,Vaseline Intensive Care,24099,3,23376,200,67,False
SKU01693,"Cleaning & Household",Paper Towel Roll,25473,22,19868,1000,4,False
SKU00246,"Fruits & Vegetables",Mango - Alphonso,21688,51,10627,500,112,False
SKU01970,Personal Care,Dove Shampoo - Daily Shine,82407,,68397,75,78,False
SKU00401,"Fruits & Vegetables",Pineapple,3714,34,2451,1000,0,True
SKU01266,Beverages,Tropicana Orange 1L,18531,37,11674,200,0,True
SKU02911,"Bakery & Biscuits",Sourdough Bread,0,3,0,200,124,False
SKU01000,"Snacks & Munchies",Dark Fantasy,22730,21,17956,50,0,True
SKU00577,"Dairy & Bread",Amul Masti Buttermilk,5109,7,4751,400,0,True
SKU02926,"Bakery & Biscuits",Bagel - Plain,4527,33,3033,150,157,False
SKU02236,Personal Care,Body Wash - Dove,109811,34,72475,250,0,True
SKU02595,"Instant & Frozen Food",Vermicelli - Bambino,6664,17,5531,1000,0,True
SKU01043,"Snacks & Munchies",Marie Gold,25817,10,23235,90,153,False
SKU02897,"Bakery & Biscuits",Biscotti,8661,33,5802,100,50,False
SKU00862,"Snacks & Munchies",Kurkure Masala Munch,5422,2,5313,400,143,False
SKU03216,Baby Care,Baby Bib,160353,11,142714,400,192,False
SKU03190,Baby Care,Teether,48049,2,47088,300,155,False
SKU01951,Personal Care,"Head & Shoulders Shampoo",64367,1,63723,200,125,False
SKU00790,"Dairy & Bread",Buttermilk - Masala,29832,47,15810,400,140,False
SKU00249,"Fruits & Vegetables",Mango - Alphonso,21106,9,19206,2000,105,False
SKU03332,Pet Care,Dog Shampoo,8699,18,7133,500,156,False
SKU01827,"Cleaning & Household",Steel Wool,26059,25,19544,500,63,False
SKU01845,"Cleaning & Household",Dish Cloth - 3 Pack,69035,,45563,1000,20,False
SKU03310,Pet Care,Drools Dog Treat,80782,4,77550,500,0,True
SKU01268,Beverages,Tropicana Orange 1L,45528,27,33235,350,197,False
SKU02143,Personal Care,Sanitary Pads - Whisper,43255,33,28980,75,59,False
SKU03203,Baby Care,Baby Blanket,51916,24,39456,400,0,True
SKU00047,"Fruits & Vegetables",Green Chilli,16304,24,12391,1500,121,False
SKU03420,Pet Care,Bird Seed Mix,14693,22,11460,3000,91,False
SKU01505,Beverages,Bournvita 500g,12761,0,12761,350,10,False
SKU02852,"Bakery & Biscuits",Cookies - Choco Chip,21950,,15584,300,0,True
SKU02218,Personal Care,Face Cream - Olay,37150,21,29348,100,0,True
SKU01452,Beverages,Jaljeera Drink,32395,26,23972,200,111,False
SKU03325,Pet Care,Cat Litter - Clumping,134531,33,90135,500,0,True
SKU00197,"Fruits & Vegetables","Spinach (Palak)",11132,22,8682,2000,33,False
SKU03067,Baby Care,Baby Wipes - Johnson's,13269,10,11942,100,120,False
SKU02979,Baby Care,Cerelac - Rice,68547,52,32902,300,0,True
SKU00232,"Fruits & Vegetables",Pomegranate,2690,0,2690,2000,63,False
SKU00595,"Dairy & Bread","Bread - White (Britannia)",23554,20,18843,500,123,False
SKU03360,Pet Care,Dog Biscuit - Milk Bone,121895,23,93859,400,116,False
SKU01566,"Cleaning & Household",Lizol Floor Cleaner - Citrus,58752,13,51114,500,85,False
SKU03375,Pet Care,Dog Leash,25827,39,15754,100,175,False
SKU00976,"Snacks & Munchies","Hide & Seek",7046,29,5002,,9,False
SKU03441,Pet Care,Pet Carrier - Small,68025,11,60542,200,87,False
SKU02169,Personal Care,Ear Buds,112851,59,46268,75,198,False
SKU02590,"Instant & Frozen Food",Vermicelli - Bambino,2362,17,1960,140,80,False
SKU00147,"Fruits & Vegetables",Garlic,18362,34,12118,2000,193,False
SKU03133,Baby Care,Baby Soap - Dove,166044,30,116230,,0,True
SKU02888,"Bakery & Biscuits",Biscotti,20161,4,19354,100,89,False
SKU01829,"Cleaning & Household",Steel Wool,6315,15,5367,2000,0,True
SKU01551,"Cleaning & Household",Vim Dishwash Gel - Lemon,75704,,31038,750,0,True
SKU00765,"Dairy & Bread",Condensed Milk - Milkmaid,28180,51,13808,400,22,False
SKU03064,Baby Care,MamyPoko Pants - L,163155,8,150102,500,106,False
SKU01086,"Snacks & Munchies",Trail Mix - Dry Fruits,22566,27,16473,50,0,True
SKU01945,Personal Care,Listerine Mouthwash,80724,48,41976,150,0,True
SKU01903,Personal Care,Colgate MaxFresh Toothpaste,119209,3,115632,100,17,False
SKU00289,"Fruits & Vegetables",Peas - Green,10712,22,8355,1500,7,False
SKU02358,"Instant & Frozen Food",McCain French Fries,32107,0,32107,50,178,False
SKU01880,"Cleaning & Household",Drain Cleaner,34354,35,22330,200,10,False
SKU00914,"Snacks & Munchies",Act II Popcorn - Butter,7733,8,7114,30,52,False
SKU01568,"Cleaning & Household",Harpic Toilet Cleaner,8104,0,8104,400,164,False
SKU01709,"Cleaning & Household",Room Freshener - Odonil,48942,4,46984,,13,False
SKU02034,Personal Care,Ponds Face Wash,8396,22,6548,75,112,False
SKU01633,"Cleaning & Household",Domex Toilet Cleaner,23530,35,15294,400,67,False
SKU00378,"Fruits & Vegetables",Watermelon,16947,,16608,500,27,False
SKU01942,Personal Care,Listerine Mouthwash,21525,0,21525,75,176,False
SKU02674,"Bakery & Biscuits",Muffin - Blueberry,30563,26,22616,60,142,False
SKU00849,"Snacks & Munchies",Lay's Classic Salted,17479,6,16430,30,55,False
SKU02048,Personal Care,Sunscreen - Lakme SPF50,117552,11,104621,50,47,False
SKU01922,Personal Care,Sensodyne Rapid Relief,64547,11,57446,100,0,True
SKU00438,"Fruits & Vegetables",Dragon Fruit,6003,2,5882,500,97,False
SKU02876,"Bakery & Biscuits",Wafer - Chocolate,14355,15,12201,,179,False
SKU02315,"Instant & Frozen Food",Cup Noodles - Masala,27893,32,18967,140,9,False
SKU03286,Pet Care,Whiskas Cat Food - Chicken,12488,11,11114,400,108,False
SKU00402,"Fruits & Vegetables",Pineapple,19045,0,19045,500,0,True
SKU03096,Baby Care,Baby Oil - Johnson's,54975,5,52226,300,96,False
SKU03043,Baby Care,Huggies Diapers - S,138693,25,104019,200,147,False
SKU00121,"Fruits & Vegetables",Lemon,5314,9,4835,,111,False
SKU00655,"Dairy & Bread",Cheese Spread - Amul,24960,,13228,1000,55,False
SKU00624,"Dairy & Bread",Pav - Ladi,50121,22,39094,500,154,False
SKU00033,"Fruits & Vegetables",Potato,6551,22,5109,1500,102,False
SKU00273,"Fruits & Vegetables",Papaya,18023,45,9912,250,11,False
SKU02740,"Bakery & Biscuits",Khari Biscuit,10894,59,4466,100,0,True
SKU00992,"Snacks & Munchies",Bourbon Biscuit,24732,68,7914,50,0,True
SKU03195,Baby Care,Teether,87678,52,42085,200,95,False
SKU00489,"Dairy & Bread",Amul Taaza Toned Milk,39400,56,17335,500,0,True
SKU01768,"Cleaning & Household",Mop Refill,51419,21,40621,500,0,True
SKU00435,"Fruits & Vegetables",Dragon Fruit,15741,4,15111,1500,143,False
SKU02238,Personal Care,Body Wash - Dove,23768,35,15449,250,91,False
SKU02226,Personal Care,Body Wash - Dove,86313,25,64734,50,52,False
SKU03198,Baby Care,Baby Blanket,5188,20,4150,200,0,True
SKU00123,"Fruits & Vegetables",Lemon,8192,34,5406,1500,47,False
SKU02272,"Instant & Frozen Food",Maggi 2-Minute Noodles,3129,11,2784,70,169,False
SKU02309,"Instant & Frozen Food",Cup Noodles - Masala,42143,19,34135,200,136,False
SKU03295,Pet Care,Royal Canin - Maxi Adult,54717,26,40490,1000,107,False
SKU02984,Baby Care,Cerelac - Rice,73389,13,63848,100,17,False
SKU01761,"Cleaning & Household",Sanitizer - Lifebuoy,63235,1,62602,1000,0,True
SKU02414,"Instant & Frozen Food",Instant Pasta - Knorr,37261,12,32789,140,150,False
SKU03214,Baby Care,Baby Bib,27447,7,25525,500,80,False
SKU01244,Beverages,Maaza Mango 600ml,59387,3,57605,500,11,False
SKU03115,Baby Care,Baby Powder - Johnson's,60825,34,40144,300,117,False
SKU00966,"Snacks & Munchies","Hide & Seek",27655,0,27655,30,54,False
SKU00903,"Snacks & Munchies",Doritos Nacho Cheese,36757,32,24994,50,75,False
SKU02016,Personal Care,Vaseline Intensive Care,31124,43,17740,200,0,True
SKU01637,"Cleaning & Household",Domex Toilet Cleaner,34941,,22711,200,97,False
SKU02850,"Bakery & Biscuits",Nan Khatai,15970,,12296,40,189,False
SKU00972,"Snacks & Munchies","Hide & Seek",34926,20,27940,200,83,False
SKU02119,Personal Care,Deodorant - Fogg,119139,25,89354,250,179,False
SKU01934,Personal Care,Oral-B Toothbrush,60815,62,23109,75,104,False
SKU00399,"Fruits & Vegetables",Pineapple,11119,1,11007,2000,0,True
SKU00791,"Dairy & Bread",Buttermilk - Masala,32076,8,29509,400,2,False
SKU00734,"Dairy & Bread",Paneer - Malai,32486,8,29887,400,45,False
SKU00735,"Dairy & Bread",Paneer - Malai,44952,27,32814,100,150,False
SKU00155,"Fruits & Vegetables",Beetroot,3088,8,2840,250,72,False
SKU01455,Beverages,Jaljeera Drink,59128,16,49667,350,175,False
SKU00053,"Fruits & Vegetables",Coriander Leaves,21971,52,10546,2000,18,False
SKU01640,"Cleaning & Household",Scotch-Brite Scrub Pad,34760,14,29893,400,43,False
SKU01875,"Cleaning & Household",Drain Cleaner,8751,23,6738,400,0,True
SKU01041,"Snacks & Munchies",Marie Gold,6489,0,6489,200,28,False
SKU00145,"Fruits & Vegetables",Garlic,5252,31,3623,2000,195,False
SKU00708,"Dairy & Bread","Lassi - Mango (Amul)",29184,,24806,100,0,True
SKU03035,Baby Care,Huggies Diapers - S,87370,19,70769,300,15,False
SKU02694,"Bakery & Biscuits",Bread Roll,13295,3,12896,150,0,True
SKU00716,"Dairy & Bread",Cream Cheese,45676,38,28319,400,70,False
SKU01594,"Cleaning & Household",Surf Excel Matic Top Load,6053,12,5326,750,160,False
SKU01993,Personal Care,Hair Oil - Parachute Coconut,24489,32,16652,250,7,False
SKU00612,"Dairy & Bread","Bread - Brown (Harvest Gold)",0,,0,500,123,False
SKU02657,"Bakery & Biscuits",Treat Croissant - Chocolate,32490,21,25667,100,4,False
SKU00882,"Snacks & Munchies",Haldiram's Aloo Bhujia,5497,0,5497,400,193,False
SKU00614,"Dairy & Bread",Pav - Ladi,20874,35,13568,400,0,True
SKU01166,"Snacks & Munchies",Mathri,19680,2,19286,50,0,True
SKU03385,Pet Care,Cat Toy - Mouse,92072,,86547,500,0,True
SKU02209,Personal Care,Lip Balm - Nivea,57412,14,49374,500,86,False
SKU02834,"Bakery & Biscuits",Cake Rusk - Britannia,20452,35,13293,150,20,False
SKU02058,Personal Care,Dettol Soap - 125g,68227,10,61404,250,161,False
SKU00177,"Fruits & Vegetables",Cauliflower,9516,,4662,250,128,False
SKU02101,Personal Care,Gillette Mach3 Razor,26955,12,23720,,147,False
SKU00275,"Fruits & Vegetables",Papaya,21089,22,16449,250,63,False
SKU03463,Pet Care,Flea Collar - Dog,121976,23,93921,1000,175,False
SKU03082,Baby Care,Baby Shampoo - Johnson's,58144,11,51748,500,132,False
SKU03179,Baby Care,Sippy Cup,128725,24,97831,200,94,False
SKU00773,"Dairy & Bread","Ghee - Amul (500ml)",12568,0,12568,100,86,False
SKU00960,"Snacks & Munchies",Monaco Biscuit,31344,14,26955,200,145,False
SKU01789,"Cleaning & Household",Broom - Grass,70373,30,49261,750,33,False
SKU00788,"Dairy & Bread",Buttermilk - Masala,30129,,27417,200,61,False
SKU02449,"Instant & Frozen Food",Oats - Quaker,36367,18,29820,,105,False
SKU02693,"Bakery & Biscuits",Bread Roll,24382,8,22431,300,192,False
SKU02411,"Instant & Frozen Food",Instant Pasta - Knorr,33228,27,24256,50,153,False
SKU02155,Personal Care,Cotton Balls,42688,56,18782,150,0,True
SKU01175,"Snacks & Munchies",Mathri,19786,7,18400,50,145,False
SKU01402,Beverages,Cold Coffee - Starbucks,0,1,0,200,25,False
SKU01941,Personal Care,Listerine Mouthwash,27823,29,19754,,160,False
SKU00156,"Fruits & Vegetables",Beetroot,22087,27,16123,500,177,False
SKU01826,"Cleaning & Household",Bleach - Robin,76658,30,53660,200,0,True
SKU00154,"Fruits & Vegetables",Beetroot,22875,8,21045,1000,141,False
SKU02219,Personal Care,Face Cream - Olay,26351,,22134,500,191,False
SKU00794,"Dairy & Bread",Shrikhand - Kesar,33121,15,28152,200,0,True
SKU02704,"Bakery & Biscuits",Garlic Bread - Frozen,27361,,23530,150,148,False
SKU00643,"Dairy & Bread",Amul Cream - Fresh,37221,9,33871,100,17,False
SKU00943,"Snacks & Munchies",Bikaji Bhujia Sev,24400,50,12200,50,160,False
SKU02696,"Bakery & Biscuits",Bread Roll,19232,2,18847,40,138,False
SKU02384,"Instant & Frozen Food",Frozen Chicken Nuggets,39611,13,34461,140,42,False
SKU00873,"Snacks & Munchies",Bingo Mad Angles,36559,0,36559,30,0,True
SKU01582,"Cleaning & Household",Surf Excel Matic Top Load,54991,21,43442,1000,115,False
SKU00946,"Snacks & Munchies",Bikaji Bhujia Sev,30105,5,28599,400,71,False
SKU01399,Beverages,Cold Coffee - Starbucks,14994,27,10945,250,78,False
SKU02253,Personal Care,Talcum Powder - Ponds,81014,,56709,200,149,False
SKU00803,"Dairy & Bread",Shrikhand - Kesar,25142,4,24136,,54,False
SKU02500,"Instant & Frozen Food",Dosa Batter - iD,44590,1,44144,400,176,False
SKU03160,Baby Care,Gripe Water - Woodward's,49842,2,48845,500,59,False
SKU02428,"Instant & Frozen Food","Soup - Knorr Hot & Sour",7805,58,3278,140,0,True
SKU02346,"Instant & Frozen Food",Haldiram's Frozen Paratha,40889,35,26577,200,0,True
SKU00011,"Fruits & Vegetables",Tomato - Hybrid,10624,5,10092,500,74,False
SKU02284,"Instant & Frozen Food",Yippee Noodles - Classic,48149,11,42852,50,55,False
SKU01774,"Cleaning & Household",Mop Refill,37832,15,32157,500,172,False
SKU01367,Beverages,Green Tea - Lipton,34275,30,23992,250,131,False
SKU01257,Beverages,Real Juice - Mixed Fruit,40270,2,39464,750,5,False
SKU02905,"Bakery & Biscuits",Croissant - Plain,13003,27,9492,100,133,False
SKU02681,"Bakery & Biscuits",Brownie - Chocolate,4257,20,3405,300,155,False
SKU02813,"Bakery & Biscuits",Swiss Roll,21291,38,13200,100,20,False
SKU02060,Personal Care,Dettol Soap - 125g,53608,18,43958,,180,False
SKU02796,"Bakery & Biscuits",Cup Cake - Vanilla,9427,35,6127,60,5,False
SKU01785,"Cleaning & Household",Broom - Grass,28905,11,25725,400,41,False
SKU01020,"Snacks & Munchies",Jim Jam Biscuit,35671,14,30677,30,95,False
SKU02086,Personal Care,Lifebuoy Handwash Refill,55988,30,39191,100,15,False
SKU01542,Beverages,Instant Coffee - Nescafe,52523,56,23110,200,89,False
SKU01548,"Cleaning & Household",Vim Dishwash Gel - Lemon,74594,24,56691,1000,39,False
SKU00900,"Snacks & Munchies",Doritos Nacho Cheese,12661,,8989,50,0,True
SKU02340,"Instant & Frozen Food",Haldiram's Frozen Paratha,49643,13,43189,500,39,False
SKU01891,"Cleaning & Household",Glass Wiper,76018,2,74497,500,164,False
SKU01639,"Cleaning & Household",Domex Toilet Cleaner,50548,19,40943,200,114,False
SKU01035,"Snacks & Munchies",Nutri Choice Digestive,11623,10,10460,50,189,False
SKU02328,"Instant & Frozen Food",MTR Ready-to-Eat Dal Fry,1708,0,1708,140,160,False
SKU03299,Pet Care,Royal Canin - Maxi Adult,90875,32,61794,1000,0,True
SKU01682,"Cleaning & Household",Cling Wrap,67905,20,54324,2000,58,False
SKU03062,Baby Care,MamyPoko Pants - L,169275,3,164196,500,39,False
SKU02958,"Bakery & Biscuits",Eclair - Chocolate,32238,11,28691,40,18,False
SKU02088,Personal Care,Lifebuoy Handwash Refill,23510,10,21159,250,77,False
SKU02330,"Instant & Frozen Food",MTR Ready-to-Eat Dal Fry,29029,29,20610,140,0,True
SKU01869,"Cleaning & Household",Rat Trap - Glue,63107,19,51116,,158,False
SKU00505,"Dairy & Bread",Amul Gold Milk,18069,8,16623,400,0,True
SKU03271,Pet Care,Whiskas Cat Food - Tuna,21331,27,15571,400,104,False
SKU02519,"Instant & Frozen Food",Frozen Samosa,17514,,12434,500,17,False
SKU02808,"Bakery & Biscuits",Swiss Roll,32625,69,10113,150,78,False
SKU02232,Personal Care,Body Wash - Dove,47735,64,17184,100,66,False
SKU00613,"Dairy & Bread",Pav - Ladi,4939,17,4099,500,143,False
SKU01355,Beverages,Tonic Water - Schweppes,54128,70,16238,250,155,False
SKU02874,"Bakery & Biscuits",Wafer - Chocolate,26263,25,19697,300,178,False
SKU00129,"Fruits & Vegetables",Lemon,24165,3,23440,500,139,False
SKU00320,"Fruits & Vegetables",Drumstick,15399,11,13705,1500,131,False
SKU02486,"Instant & Frozen Food",Upma Mix - MTR,31095,21,24565,140,86,False
SKU02432,"Instant & Frozen Food","Soup - Knorr Hot & Sour",2968,63,1098,1000,0,True
SKU01704,"Cleaning & Household",Toilet Paper - 4 Pack,63599,64,22895,1000,111,False
SKU00977,"Snacks & Munchies","Hide & Seek",2200,18,1804,150,0,True
SKU02061,Personal Care,Dettol Soap - 125g,71616,,68035,50,37,False
SKU03368,Pet Care,Pet Bowl - Steel,22219,32,15108,100,25,False
SKU02033,Personal Care,Ponds Face Wash,42188,0,42188,,85,False
SKU01995,Personal Care,Hair Oil - Parachute Coconut,52498,,41998,75,11,False
SKU02599,"Instant & Frozen Food",Instant Rice - Minute,49133,24,37341,1000,71,False
SKU02650,"Bakery & Biscuits",Tiger Glucose Biscuit,19912,31,13739,60,158,False
SKU00698,"Dairy & Bread",Flavoured Yogurt - Mango,29700,-1,27324,500,1,False
SKU01415,Beverages,Coconut Water - Raw Pressery,38341,65,13419,1000,159,False
SKU03075,Baby Care,Baby Wipes - Johnson's,146802,32,99825,100,71,False
SKU02022,Personal Care,Vaseline Intensive Care,106176,11,94496,50,122,False
SKU02570,"Instant & Frozen Food",Atta Noodles - Patanjali,26564,15,22579,140,39,False
SKU00680,"Dairy & Bread",Flavoured Yogurt - Strawberry,14403,13,12530,1000,48,False
SKU02742,"Bakery & Biscuits",Cream Roll,13629,24,10358,40,0,True
SKU02173,Personal Care,Ear Buds,67096,7,62399,75,46,False
SKU02878,"Bakery & Biscuits",Wafer - Chocolate,1556,25,1167,,106,False
SKU01029,"Snacks & Munchies",Nutri Choice Digestive,1422,1,1407,200,130,False
SKU01485,Beverages,Protein Shake - MuscleBlaze,46009,25,34506,,91,False
SKU00094,"Fruits & Vegetables",Capsicum - Green,21276,3,20637,500,169,False
SKU00630,"Dairy & Bread",Milk Bread,31575,18,25891,1000,144,False
SKU01421,Beverages,Coconut Water - Raw Pressery,34368,17,28525,750,29,False
SKU01739,"Cleaning & Household",Phenyl - White,32074,61,12508,1000,0,True
SKU01992,Personal Care,Hair Oil - Parachute Coconut,97089,33,65049,100,50,False
SKU00927,"Snacks & Munchies",Cornitos Nachos,35163,22,27427,30,0,True
SKU00157,"Fruits & Vegetables",Beetroot,2679,9,2437,1500,0,True
SKU02201,Personal Care,Lip Balm - Nivea,53383,2,52315,500,59,False
SKU02864,"Bakery & Biscuits",Butter Cookies - Danish,18415,35,11969,200,6,False
SKU03113,Baby Care,Baby Powder - Johnson's,84482,1,83637,400,16,False
SKU03380,Pet Care,Cat Toy - Mouse,112168,10,100951,500,12,False
SKU00678,"Dairy & Bread",Flavoured Yogurt - Strawberry,2601,7,2418,500,104,False
SKU03225,Baby Care,Baby Towel,109784,0,109784,500,2,False
SKU00928,"Snacks & Munchies",Cornitos Nachos,7586,2,7434,90,127,False
SKU00003,"Fruits & Vegetables",Onion,3340,31,2304,1000,0,True
SKU00429,"Fruits & Vegetables",Avocado,10536,9,9587,2000,174,False
SKU01124,"Snacks & Munchies","Fox Nuts (Makhana)",18552,44,10389,90,119,False
SKU02877,"Bakery & Biscuits",Wafer - Chocolate,19115,20,15292,200,68,False
SKU01925,Personal Care,Sensodyne Rapid Relief,27606,31,19048,200,120,False
SKU02110,Personal Care,Gillette Shaving Foam,57267,31,39514,200,83,False
SKU00513,"Dairy & Bread",Amul Gold Milk,31942,9,29067,500,0,True
SKU00282,"Fruits & Vegetables",Mushroom - Button,20372,17,16908,500,0,True
SKU02207,Personal Care,Lip Balm - Nivea,89581,6,84206,,144,False
SKU01297,Beverages,Red Bull 250ml,11996,29,8517,500,0,True
SKU03209,Baby Care,Baby Bib,192113,15,163296,200,13,False
SKU00780,"Dairy & Bread","Ghee - Amul (500ml)",42821,30,29974,,102,False
SKU00673,"Dairy & Bread",Flavoured Yogurt - Strawberry,7630,25,5722,200,123,False
SKU00681,"Dairy & Bread",Flavoured Yogurt - Strawberry,11712,15,9955,400,0,True
SKU01284,Beverages,Paper Boat Aam Panna,24550,3,23813,500,102,False
SKU00722,"Dairy & Bread",Whipped Cream,51757,17,42958,400,51,False
SKU00549,"Dairy & Bread","Curd - Plain (400g)",2252,8,2071,400,156,False
SKU01226,Beverages,Frooti Mango 200ml,44705,59,18329,200,0,True
SKU01281,Beverages,Paper Boat Aam Panna,45186,20,36148,1000,19,False
SKU01821,"Cleaning & Household",Bleach - Robin,43890,26,32478,2000,105,False
SKU01083,"Snacks & Munchies",Trail Mix - Dry Fruits,35949,15,30556,,75,False
SKU02113,Personal Care,Gillette Shaving Foam,83319,28,59989,150,121,False
SKU01961,Personal Care,"Head & Shoulders Shampoo",112663,14,96890,75,158,False
SKU01213,Beverages,Thums Up 750ml,3375,10,3037,1000,133,False
SKU03350,Pet Care,Cat Shampoo,41307,29,29327,400,0,True
SKU02968,Baby Care,Cerelac - Wheat Apple,120974,0,120974,100,100,False
SKU00241,"Fruits & Vegetables",Mango - Alphonso,19505,25,14628,1500,126,False
SKU00030,"Fruits & Vegetables",Potato,2157,44,1207,2000,0,True
SKU01167,"Snacks & Munchies",Mathri,18818,0,18818,90,0,True
SKU00998,"Snacks & Munchies",Dark Fantasy,9206,7,8561,90,137,False
SKU03384,Pet Care,Cat Toy - Mouse,136700,26,101158,3000,160,False
SKU01971,Personal Care,Dove Shampoo - Daily Shine,119400,8,109848,200,115,False
SKU00689,"Dairy & Bread",Flavoured Yogurt - Mango,20704,21,16356,1000,28,False
SKU02948,"Bakery & Biscuits",Cinnamon Roll,4740,11,4218,40,48,False
SKU03142,Baby Care,Diaper Rash Cream,197573,15,167937,100,187,False
SKU03164,Baby Care,Baby Feeding Bottle,41934,26,31031,300,179,False
SKU02586,"Instant & Frozen Food",Pasta - Barilla Penne,35691,37,22485,500,72,False
SKU02753,"Bakery & Biscuits",Puff - Veg,8951,64,3222,150,95,False
SKU02148,Personal Care,Sanitary Pads - Whisper,105253,33,70519,100,181,False
SKU02106,Personal Care,Gillette Shaving Foam,30061,1,29760,150,0,True
SKU02479,"Instant & Frozen Food",Upma Mix - MTR,30720,2,30105,200,151,False
SKU02990,Baby Care,Lactogen 1,139258,20,111406,200,48,False
SKU02227,Personal Care,Body Wash - Dove,97443,18,79903,200,40,False
SKU02111,Personal Care,Gillette Shaving Foam,40067,29,28447,75,148,False
SKU01997,Personal Care,Hair Oil - Parachute Coconut,99833,6,93843,500,131,False
SKU01347,Beverages,Kinley Water 500ml,7884,37,4966,,0,True
SKU00753,"Dairy & Bread",Skimmed Milk Powder,14233,30,9963,200,92,False
SKU02511,"Instant & Frozen Food",Idli Batter - iD,44887,62,17057,70,0,True
SKU00226,"Fruits & Vegetables",Tender Coconut,9654,13,8398,1000,0,True
SKU03020,Baby Care,Pampers Diapers - M,42166,16,35419,200,37,False
SKU01923,Personal Care,Sensodyne Rapid Relief,57676,25,43257,150,0,True
SKU01303,Beverages,Monster Energy 350ml,3618,56,1591,500,185,False
SKU03347,Pet Care,Cat Shampoo,11085,,10863,500,103,False
SKU01256,Beverages,Real Juice - Mixed Fruit,58969,51,28894,750,165,False
SKU01344,Beverages,Kinley Water 500ml,56713,2,55578,1000,120,False
SKU00995,"Snacks & Munchies",Bourbon Biscuit,14765,0,14765,150,0,True
SKU02805,"Bakery & Biscuits",Swiss Roll,19449,1,19254,40,0,True
SKU00036,"Fruits & Vegetables",Green Chilli,23297,26,17239,1000,44,False
SKU02609,"Instant & Frozen Food",Frozen Momos - Wo Momo,13966,11,12429,140,176,False
SKU01259,Beverages,Real Juice - Mixed Fruit,0,2,0,500,31,False
SKU01735,"Cleaning & Household",Phenyl - White,10250,30,7174,2000,0,True
SKU01282,Beverages,Paper Boat Aam Panna,10091,0,10091,500,156,False
SKU02965,"Bakery & Biscuits",Eclair - Chocolate,32039,9,29155,300,181,False
SKU03184,Baby Care,Teether,120818,1,119609,500,97,False
SKU01787,"Cleaning & Household",Broom - Grass,47843,26,35403,2000,34,False
SKU02487,"Instant & Frozen Food",Upma Mix - MTR,10279,6,9662,50,96,False
SKU00649,"Dairy & Bread",Cheese Spread - Amul,19030,32,12940,400,178,False
SKU02280,"Instant & Frozen Food",Maggi 2-Minute Noodles,21117,60,8446,400,0,True
SKU02797,"Bakery & Biscuits",Cup Cake - Vanilla,28244,17,23442,100,0,True
SKU01724,"Cleaning & Household",Hit Cockroach Spray,27599,6,25943,500,171,False
SKU01651,"Cleaning & Household",Scotch-Brite Scrub Pad,20648,5,19615,200,0,True
SKU01644,"Cleaning & Household",Scotch-Brite Scrub Pad,11985,,9108,200,49,False
SKU00632,"Dairy & Bread",Milk Bread,8897,39,5427,100,0,True
SKU00347,"Fruits & Vegetables",Curry Leaves,2443,66,830,2000,105,False
SKU01816,"Cleaning & Household",Bleach - Robin,28487,51,13958,400,164,False
SKU02348,"Instant & Frozen Food",Haldiram's Frozen Paratha,8841,17,7338,,0,True
SKU01591,"Cleaning & Household",Surf Excel Matic Top Load,4363,2,4275,1000,55,False
SKU00983,"Snacks & Munchies",Oreo - Original,29859,18,24484,90,0,True
SKU00413,"Fruits & Vegetables",Kiwi - Green,12478,32,8485,2000,185,False
SKU01996,Personal Care,Hair Oil - Parachute Coconut,114079,29,80996,200,171,False
SKU02875,"Bakery & Biscuits",Wafer - Chocolate,11302,,8024,40,0,True
SKU02084,Personal Care,Lifebuoy Handwash Refill,104125,13,90588,50,125,False
SKU02759,"Bakery & Biscuits",Puff - Veg,4437,,3017,40,85,False
SKU01847,"Cleaning & Household",Naphthalene Balls,46814,34,30897,200,0,True
SKU02461,"Instant & Frozen Food",Muesli - Bagrry's,36395,23,28024,200,0,True
SKU01650,"Cleaning & Household",Scotch-Brite Scrub Pad,21643,,14284,2000,145,False
SKU03206,Baby Care,Baby Blanket,42449,7,39477,100,59,False
SKU03048,Baby Care,MamyPoko Pants - M,161463,15,137243,100,78,False
SKU03191,Baby Care,Teether,187190,12,164727,100,0,True
SKU03228,Baby Care,Baby Towel,145974,8,134296,300,148,False
SKU00264,"Fruits & Vegetables",Grapes - Green,21417,18,17561,1500,82,False
SKU01556,"Cleaning & Household",Vim Dishwash Gel - Lemon,18012,1,17831,400,155,False
SKU01153,"Snacks & Munchies",Namkeen Mixture - Haldiram's,9235,34,6095,90,48,False
SKU00881,"Snacks & Munchies",Haldiram's Aloo Bhujia,23236,26,17194,400,150,False
SKU00704,"Dairy & Bread","Lassi - Mango (Amul)",37545,21,29660,100,155,False
SKU00207,"Fruits & Vegetables",Brinjal,16938,18,13889,250,85,False
SKU03422,Pet Care,Bird Seed Mix,122347,10,110112,200,88,False
SKU00027,"Fruits & Vegetables",Potato,23175,6,21784,250,86,False
SKU01194,Beverages,Pepsi 750ml,45966,,45506,250,126,False
SKU01495,Beverages,Horlicks 500g,37733,26,27922,350,0,True
SKU02407,"Instant & Frozen Food",Frozen Fish Fingers,49680,49,25336,70,179,False
SKU01111,"Snacks & Munchies",Cashew Nuts - W320,22106,27,16137,90,163,False
SKU01472,Beverages,Protein Shake - MuscleBlaze,50470,17,41890,250,165,False
SKU03307,Pet Care,Drools Dog Treat,113699,19,92096,100,197,False
SKU03169,Baby Care,Baby Feeding Bottle,12140,32,8255,400,185,False
SKU02434,"Instant & Frozen Food","Soup - Knorr Hot & Sour",41417,15,35204,140,194,False
SKU01346,Beverages,Kinley Water 500ml,49325,70,14797,200,0,True
SKU02192,Personal Care,Wet Wipes - Himalaya,98617,22,76921,,0,True
SKU00291,"Fruits & Vegetables",Peas - Green,18064,7,16799,500,10,False
SKU02922,"Bakery & Biscuits",Focaccia Bread,26179,28,18848,60,95,False
SKU01218,Beverages,Frooti Mango 200ml,14451,24,10982,1000,119,False
SKU02588,"Instant & Frozen Food",Vermicelli - Bambino,23075,29,16383,70,0,True
SKU02903,"Bakery & Biscuits",Croissant - Plain,26997,16,22677,40,52,False
SKU03186,Baby Care,Teether,71724,33,48055,300,191,False
SKU00778,"Dairy & Bread","Ghee - Amul (500ml)",35753,15,30390,400,7,False
SKU00600,"Dairy & Bread","Bread - White (Britannia)",34076,33,22830,1000,0,True
SKU03129,Baby Care,Baby Soap - Dove,64207,49,32745,100,156,False
SKU01236,Beverages,Maaza Mango 600ml,59096,18,48458,250,159,False
SKU02041,Personal Care,Garnier Face Wash - Men,30035,11,26731,75,14,False
SKU00004,"Fruits & Vegetables",Onion,24848,20,19878,1500,54,False
SKU02894,"Bakery & Biscuits",Biscotti,11190,34,7385,300,131,False
SKU00498,"Dairy & Bread",Mother Dairy Full Cream Milk,14083,17,11688,,9,False
SKU00703,"Dairy & Bread","Lassi - Mango (Amul)",28017,24,21292,400,140,False
SKU02664,"Bakery & Biscuits",Treat Croissant - Chocolate,21807,34,14392,60,32,False
SKU00315,"Fruits & Vegetables",Ridge Gourd,3602,17,2989,250,78,False
SKU01837,"Cleaning & Household",Dish Cloth - 3 Pack,76575,17,63557,1000,0,True
SKU03158,Baby Care,Gripe Water - Woodward's,194741,25,146055,300,0,True
SKU02678,"Bakery & Biscuits",Muffin - Blueberry,10941,2,10722,150,133,False
SKU02614,"Instant & Frozen Food",Frozen Momos - Wo Momo,10705,15,9099,500,61,False
SKU01318,Beverages,Sting Energy Drink,3377,34,2228,750,199,False
SKU02405,"Instant & Frozen Food",Frozen Fish Fingers,22134,54,10181,50,122,False
SKU02466,"Instant & Frozen Food",Cornflakes - Kellogg's,25366,29,18009,140,0,True
SKU03084,Baby Care,Baby Shampoo - Johnson's,70126,21,55399,100,51,False
SKU03411,Pet Care,Fish Food - Taiyo,7559,10,6803,200,78,False
SKU00484,"Fruits & Vegetables",Spring Onion,16127,21,12740,500,88,False
SKU00771,"Dairy & Bread",Condensed Milk - Milkmaid,14841,,8756,100,0,True
SKU00066,"Fruits & Vegetables",Banana - Robusta,3666,58,1539,,108,False
SKU03414,Pet Care,Fish Food - Taiyo,148086,54,68119,3000,135,False
SKU02194,Personal Care,Wet Wipes - Himalaya,85989,25,64491,200,145,False
SKU00108,"Fruits & Vegetables","Ladies Finger (Bhindi)",10981,24,8345,2000,114,False
SKU01817,"Cleaning & Household",Bleach - Robin,52828,62,20074,400,0,True
SKU01298,Beverages,Red Bull 250ml,54283,14,46683,750,57,False
SKU03311,Pet Care,Drools Dog Treat,103051,36,65952,400,1,False
SKU00286,"Fruits & Vegetables",Mushroom - Button,7602,10,6841,1000,62,False
SKU00376,"Fruits & Vegetables",Watermelon,19340,65,6769,1500,0,True
SKU01157,"Snacks & Munchies",Namkeen Mixture - Haldiram's,38172,22,29774,30,0,True
SKU00482,"Fruits & Vegetables",Spring Onion,18202,23,14015,2000,0,True
SKU00455,"Fruits & Vegetables",Sweet Potato,20776,6,19529,1500,178,False
SKU01520,Beverages,Glucon-D Orange,27338,9,24877,250,23,False
SKU02142,Personal Care,Sanitary Pads - Whisper,10595,55,4767,75,0,True
SKU03213,Baby Care,Baby Bib,95502,16,80221,300,11,False
SKU01209,Beverages,Thums Up 750ml,20804,10,18723,1000,97,False
SKU01368,Beverages,Green Tea - Lipton,49131,19,39796,750,24,False
SKU01126,"Snacks & Munchies",Protein Bar - Yoga Bar,29484,,14742,30,51,False
SKU03229,Baby Care,Baby Towel,189025,43,107744,300,0,True
SKU00601,"Dairy & Bread","Bread - White (Britannia)",10340,2,10133,100,111,False
SKU01377,Beverages,Chamomile Tea - Twinings,26407,0,26407,250,130,False
SKU00149,"Fruits & Vegetables",Beetroot,19189,1,18997,500,87,False
SKU01102,"Snacks & Munchies",Roasted Almonds - Salted,34730,0,34730,200,0,True
SKU02809,"Bakery & Biscuits",Swiss Roll,24766,15,21051,150,0,True
SKU01534,Beverages,Instant Coffee - Nescafe,59811,20,47848,,158,False
SKU01656,"Cleaning & Household",Garbage Bags - Large,30607,24,23261,500,189,False
SKU00617,"Dairy & Bread",Pav - Ladi,4253,26,3147,200,0,True
SKU01170,"Snacks & Munchies",Mathri,5960,35,3874,400,45,False
SKU01632,"Cleaning & Household",Domex Toilet Cleaner,35104,4,33699,750,126,False
SKU02749,"Bakery & Biscuits",Cream Roll,29101,30,20370,40,96,False
SKU01666,"Cleaning & Household",Garbage Bags - Large,58396,8,53724,500,51,False
SKU01535,Beverages,Instant Coffee - Nescafe,53074,1,52543,250,0,True
SKU01937,Personal Care,Listerine Mouthwash,18098,6,17012,50,133,False
SKU03154,Baby Care,Gripe Water - Woodward's,159843,21,126275,500,66,False
SKU02566,"Instant & Frozen Food",Atta Noodles - Patanjali,25399,33,17017,70,198,False
SKU01560,"Cleaning & Household",Lizol Floor Cleaner - Citrus,18678,67,6163,200,74,False
SKU03167,Baby Care,Baby Feeding Bottle,184298,26,136380,200,3,False
SKU03034,Baby Care,Huggies Diapers - S,198547,,158837,400,177,False
SKU00245,"Fruits & Vegetables",Mango - Alphonso,10384,18,8514,500,1,False
SKU02945,"Bakery & Biscuits",Cinnamon Roll,7019,11,6246,,145,False
SKU02054,Personal Care,Sunscreen - Lakme SPF50,58452,2,57282,50,197,False
SKU00919,"Snacks & Munchies",Cornitos Nachos,5935,25,4451,,50,False
SKU02131,Personal Care,Perfume - Wild Stone,72852,31,50267,500,126,False
SKU03464,Pet Care,Tick Spray,13446,66,4571,500,0,True
SKU00870,"Snacks & Munchies",Bingo Mad Angles,12954,18,10622,200,120,False
SKU02473,"Instant & Frozen Food",Poha - Instant,32586,69,10101,500,167,False
SKU02204,Personal Care,Lip Balm - Nivea,30218,35,19641,100,169,False
SKU01224,Beverages,Frooti Mango 200ml,35116,26,25985,200,50,False
SKU00512,"Dairy & Bread",Amul Gold Milk,3190,22,2488,400,191,False
SKU01848,"Cleaning & Household",Naphthalene Balls,79166,32,53832,2000,113,False
SKU02828,"Bakery & Biscuits",Rusk - Premium,31271,66,10632,40,0,True
SKU02814,"Bakery & Biscuits",Rusk - Premium,17423,27,12718,300,80,False
SKU01628,"Cleaning & Household",Domex Toilet Cleaner,67588,12,59477,1000,42,False
SKU03288,Pet Care,Whiskas Cat Food - Chicken,80350,29,57048,500,0,True
SKU00144,"Fruits & Vegetables",Garlic,24573,25,18429,500,0,True
SKU02222,Personal Care,Face Cream - Olay,45549,19,36894,100,91,False
SKU01479,Beverages,Protein Shake - MuscleBlaze,15448,23,11894,250,184,False
SKU01117,"Snacks & Munchies","Fox Nuts (Makhana)",31170,20,24936,400,0,True
SKU03151,Baby Care,Gripe Water - Woodward's,171607,19,139001,100,182,False
SKU00631,"Dairy & Bread",Milk Bread,53954,33,36149,100,0,True
SKU01862,"Cleaning & Household",Rat Trap - Glue,45506,,42320,750,0,True
SKU02947,"Bakery & Biscuits",Cinnamon Roll,16222,28,11679,200,51,False
SKU02579,"Instant & Frozen Food",Pasta - Barilla Penne,30117,33,20178,400,0,True
SKU01228,Beverages,Frooti Mango 200ml,11515,11,10248,1000,184,False
SKU00192,"Fruits & Vegetables","Spinach (Palak)",20724,16,17408,250,0,True
SKU01132,"Snacks & Munchies",Protein Bar - Yoga Bar,32436,25,24327,150,197,False
SKU01886,"Cleaning & Household",Glass Wiper,15353,25,11514,200,29,False
SKU02096,Personal Care,Gillette Mach3 Razor,99410,7,92451,100,136,False
SKU00477,"Fruits & Vegetables",Spring Onion,11264,68,3604,250,133,False
SKU02886,"Bakery & Biscuits",Wafer - Chocolate,9637,28,6938,200,150,False
SKU02525,"Instant & Frozen Food",Frozen Samosa,25001,31,17250,50,128,False
SKU00806,"Dairy & Bread",Shrikhand - Kesar,23567,34,15554,100,0,True
SKU02083,Personal Care,Lifebuoy Handwash Refill,105904,61,41302,75,85,False
SKU03449,Pet Care,Pet Carrier - Small,146551,,133361,3000,1,False
SKU03060,Baby Care,MamyPoko Pants - L,149294,20,119435,200,106,False
SKU00002,"Fruits & Vegetables",Onion,22663,9,20623,500,107,False
SKU00332,"Fruits & Vegetables","Mint Leaves (Pudina)",12343,31,8516,250,182,False
SKU00298,"Fruits & Vegetables","Bottle Gourd (Lauki)",2836,51,1389,1000,52,False
SKU03417,Pet Care,Bird Seed Mix,53160,29,37743,100,0,True
SKU01749,"Cleaning & Household",Hand Wash - Dettol,5408,13,4704,2000,0,True
SKU02130,Personal Care,Perfume - Wild Stone,9811,28,7063,250,0,True
SKU02364,"Instant & Frozen Food",Frozen Peas - Safal,46015,67,15184,70,0,True
SKU01753,"Cleaning & Household",Hand Wash - Dettol,68301,22,53274,1000,104,False
SKU00229,"Fruits & Vegetables",Pomegranate,3958,34,2612,250,17,False
SKU01477,Beverages,Protein Shake - MuscleBlaze,33792,50,16896,750,161,False
SKU03364,Pet Care,Pet Bowl - Steel,20067,1,19866,100,0,True
SKU03233,Baby Care,Baby Towel,12181,23,9379,500,32,False
SKU00670,"Dairy & Bread",Hung Curd,25882,1,25623,400,151,False
SKU01726,"Cleaning & Household",Hit Cockroach Spray,44832,6,42142,500,41,False
SKU01027,"Snacks & Munchies",Nutri Choice Digestive,18631,19,15091,50,74,False
SKU02827,"Bakery & Biscuits",Rusk - Premium,25081,29,17807,100,0,True
SKU03106,Baby Care,Baby Powder - Johnson's,8913,19,7219,400,138,False
SKU01225,Beverages,Frooti Mango 200ml,41974,69,13011,200,3,False
SKU01118,"Snacks & Munchies","Fox Nuts (Makhana)",11344,22,8848,200,3,False
SKU01441,Beverages,Lassi - Sweet,55881,19,45263,250,45,False
SKU01874,"Cleaning & Household",Drain Cleaner,73848,35,48001,200,0,True
SKU01333,Beverages,Bisleri Water 1L,4199,8,3863,1000,124,False
SKU00980,"Snacks & Munchies","Hide & Seek",30640,58,12868,150,149,False
SKU01383,Beverages,Chamomile Tea - Twinings,28395,16,23851,350,84,False
SKU02577,"Instant & Frozen Food",Atta Noodles - Patanjali,46707,12,41102,50,62,False
SKU01470,Beverages,Nimbu Pani - Concentrate,16981,,12396,200,16,False
SKU03083,Baby Care,Baby Shampoo - Johnson's,49363,5,46894,400,184,False
SKU00365,"Fruits & Vegetables","Amla (Indian Gooseberry)",4750,22,3705,1000,0,True
SKU00189,"Fruits & Vegetables","Spinach (Palak)",14585,27,10647,2000,184,False
SKU00579,"Dairy & Bread",Amul Masti Buttermilk,40388,3,39176,200,163,False
SKU00741,"Dairy & Bread",Paneer - Malai,50393,59,20661,1000,58,False
SKU03042,Baby Care,Huggies Diapers - S,150932,2,147913,100,75,False
SKU00491,"Dairy & Bread",Amul Taaza Toned Milk,54807,26,40557,100,38,False
SKU02295,"Instant & Frozen Food",Top Ramen - Curry,37446,40,22467,70,0,True
SKU02484,"Instant & Frozen Food",Upma Mix - MTR,29691,0,29691,400,17,False
SKU02959,"Bakery & Biscuits",Eclair - Chocolate,22915,,22685,60,116,False
SKU01861,"Cleaning & Household",Rat Trap - Glue,54986,46,29692,1000,0,True
SKU01766,"Cleaning & Household",Sanitizer - Lifebuoy,45370,34,29944,2000,48,False
SKU00083,"Fruits & Vegetables",Apple - Shimla,6331,43,3608,2000,134,False
SKU02953,"Bakery & Biscuits",Eclair - Chocolate,32014,20,25611,200,62,False
SKU00122,"Fruits & Vegetables",Lemon,7234,0,7234,1500,72,False
SKU03118,Baby Care,Baby Lotion - Himalaya,132808,18,108902,200,80,False
SKU02735,"Bakery & Biscuits",Khari Biscuit,20550,,14590,40,0,True
SKU02907,"Bakery & Biscuits",Sourdough Bread,31471,12,27694,40,188,False
SKU03111,Baby Care,Baby Powder - Johnson's,115040,10,103536,300,99,False
SKU00540,"Dairy & Bread","Curd - Plain (400g)",29132,9,26510,200,95,False
SKU00840,"Dairy & Bread",Milkshake - Chocolate,19747,11,17574,1000,24,False
SKU01014,"Snacks & Munchies",Jim Jam Biscuit,23504,0,23504,200,0,True
SKU00700,"Dairy & Bread","Lassi - Mango (Amul)",38594,24,29331,1000,23,False
SKU02392,"Instant & Frozen Food",Frozen Chicken Nuggets,40177,28,28927,140,115,False
SKU00336,"Fruits & Vegetables","Mint Leaves (Pudina)",5039,21,3980,500,90,False
SKU02559,"Instant & Frozen Food",Roti - Multigrain,18541,29,13164,70,91,False
SKU02736,"Bakery & Biscuits",Khari Biscuit,32742,10,29467,40,78,False
SKU01487,Beverages,Horlicks 500g,42025,29,29837,750,151,False
SKU03290,Pet Care,Royal Canin - Maxi Adult,66329,2,65002,1000,93,False
SKU00064,"Fruits & Vegetables",Banana - Robusta,1933,28,1391,250,0,True
SKU01893,"Cleaning & Household",Glass Wiper,10912,49,5565,500,0,True
SKU02956,"Bakery & Biscuits",Eclair - Chocolate,14107,5,13401,100,12,False
SKU02398,"Instant & Frozen Food",Frozen Fish Fingers,35657,7,33161,400,0,True
SKU00566,"Dairy & Bread",Paneer - Fresh,52376,22,40853,100,130,False
SKU03222,Baby Care,Baby Towel,137431,21,108570,500,0,True
SKU03061,Baby Care,MamyPoko Pants - L,72570,19,58781,300,0,True
SKU01372,Beverages,Green Tea - Lipton,36845,5,35002,750,80,False
SKU03202,Baby Care,Baby Blanket,34000,30,23800,,124,False
SKU03108,Baby Care,Baby Powder - Johnson's,42991,16,36112,200,112,False
SKU00850,"Snacks & Munchies",Lay's Classic Salted,27745,23,21363,30,115,False
SKU02643,"Bakery & Biscuits",Parle-G Biscuit,10279,6,9662,100,164,False
SKU01464,Beverages,Nimbu Pani - Concentrate,21766,0,21766,500,72,False
SKU00080,"Fruits & Vegetables",Apple - Shimla,15843,4,15209,250,65,False
SKU01784,"Cleaning & Household",Broom - Grass,50458,,34311,200,101,False
SKU00262,"Fruits & Vegetables",Grapes - Green,23784,65,8324,250,0,True
SKU03354,Pet Care,Dog Biscuit - Milk Bone,116470,,110646,1000,134,False
SKU00397,"Fruits & Vegetables",Pineapple,4698,32,3194,250,48,False
SKU02439,"Instant & Frozen Food",Oats - Quaker,37001,,29970,70,4,False
SKU02611,"Instant & Frozen Food",Frozen Momos - Wo Momo,31361,25,23520,70,0,True
SKU02277,"Instant & Frozen Food",Maggi 2-Minute Noodles,34211,32,23263,400,0,True
SKU01969,Personal Care,Dove Shampoo - Daily Shine,74272,20,59417,50,153,False
SKU02357,"Instant & Frozen Food",McCain French Fries,1248,0,1248,400,0,True
SKU01101,"Snacks & Munchies",Roasted Almonds - Salted,28430,23,21891,50,0,True
SKU01423,Beverages,Coconut Water - Raw Pressery,49503,-1,42572,200,78,False
SKU01532,Beverages,Instant Coffee - Nescafe,7308,5,6942,1000,194,False
SKU02242,Personal Care,Talcum Powder - Ponds,41688,,41271,200,132,False
SKU01255,Beverages,Real Juice - Mixed Fruit,4891,26,3619,750,0,True
SKU01457,Beverages,Nimbu Pani - Concentrate,36968,12,32531,250,133,False
SKU00793,"Dairy & Bread",Buttermilk - Masala,33194,28,23899,500,0,True
SKU01230,Beverages,Frooti Mango 200ml,54934,23,42299,250,60,False
SKU02140,Personal Care,Perfume - Wild Stone,21438,18,17579,200,64,False
SKU02311,"Instant & Frozen Food",Cup Noodles - Masala,29112,28,20960,400,135,False
SKU01758,"Cleaning & Household",Hand Wash - Dettol,9510,56,4184,750,0,True
SKU02673,"Bakery & Biscuits",Muffin - Blueberry,12962,9,11795,40,81,False
SKU02551,"Instant & Frozen Food",Chapati - Ready to Eat,49455,,32640,50,92,False
SKU00178,"Fruits & Vegetables",Cauliflower,23755,31,16390,1000,0,True
SKU01290,Beverages,Paper Boat Aam Panna,47343,19,38347,250,177,False
SKU01911,Personal Care,Colgate MaxFresh Toothpaste,64316,14,55311,200,0,True
SKU03272,Pet Care,Whiskas Cat Food - Tuna,129531,28,93262,1000,183,False
SKU01518,Beverages,Glucon-D Orange,18646,0,18646,250,81,False
SKU01338,Beverages,Bisleri Water 1L,30479,33,20420,1000,26,False
SKU00248,"Fruits & Vegetables",Mango - Alphonso,9200,67,3035,250,54,False
SKU00800,"Dairy & Bread",Shrikhand - Kesar,16404,24,12467,,158,False
SKU02399,"Instant & Frozen Food",Frozen Fish Fingers,9592,11,8536,140,51,False
SKU00633,"Dairy & Bread",Milk Bread,47308,33,31696,500,0,True
SKU00851,"Snacks & Munchies",Lay's Classic Salted,12383,5,11763,30,23,False
SKU02230,Personal Care,Body Wash - Dove,112243,34,74080,50,49,False
SKU02879,"Bakery & Biscuits",Wafer - Chocolate,28041,32,19067,40,192,False
SKU02781,"Bakery & Biscuits",Donut - Glazed,16460,10,14814,60,143,False
SKU02085,Personal Care,Lifebuoy Handwash Refill,67086,2,65744,150,112,False
SKU00007,"Fruits & Vegetables",Onion,10885,7,10123,2000,0,True
SKU02682,"Bakery & Biscuits",Brownie - Chocolate,20494,17,17010,150,0,True
SKU01707,"Cleaning & Household",Room Freshener - Odonil,26837,53,12613,200,0,True
SKU02376,"Instant & Frozen Food",Frozen Mixed Vegetables,45049,33,30182,1000,153,False
SKU00805,"Dairy & Bread",Shrikhand - Kesar,33259,25,24944,,0,True
SKU00338,"Fruits & Vegetables","Mint Leaves (Pudina)",12570,43,7164,250,0,True
SKU02331,"Instant & Frozen Food",MTR Ready-to-Eat Dal Fry,4831,0,4831,1000,60,False
SKU02257,Personal Care,Hair Gel - Set Wet,66997,41,39528,200,60,False
SKU01238,Beverages,Maaza Mango 600ml,41784,20,33427,200,0,True
SKU02168,Personal Care,Ear Buds,24262,22,18924,250,85,False
SKU01159,"Snacks & Munchies",Namkeen Mixture - Haldiram's,12825,33,8592,30,0,True
SKU02910,"Bakery & Biscuits",Sourdough Bread,9395,29,6670,300,174,False
SKU00815,"Dairy & Bread",Dahi - Set,53549,32,36413,,80,False
SKU02144,Personal Care,Sanitary Pads - Whisper,41825,32,28440,500,189,False
SKU00326,"Fruits & Vegetables",Drumstick,17958,11,15982,1000,0,True
SKU00390,"Fruits & Vegetables",Guava,14386,14,12371,2000,100,False
SKU02715,"Bakery & Biscuits",Pizza Base,6819,20,5455,40,182,False
SKU03330,Pet Care,Dog Shampoo,145796,11,129758,400,0,True
SKU01822,"Cleaning & Household",Bleach - Robin,41148,12,36210,500,0,True
SKU01780,"Cleaning & Household",Broom - Grass,68958,24,52408,1000,74,False
SKU03235,Baby Care,Baby Towel,85325,24,64847,300,0,True
SKU03407,Pet Care,Fish Food - Taiyo,138015,14,118692,3000,15,False
SKU02752,"Bakery & Biscuits",Cream Roll,32731,32,22257,200,52,False
SKU01181,Beverages,Coca Cola 750ml,44424,26,32873,350,0,True
SKU02991,Baby Care,Lactogen 1,26753,24,20332,300,53,False
SKU01966,Personal Care,Dove Shampoo - Daily Shine,76145,34,50255,500,0,True
SKU03262,Pet Care,Pedigree Dog Food - Veg,59124,,46707,500,21,False
SKU00583,"Dairy & Bread",Amul Masti Buttermilk,2343,32,1593,200,0,True
SKU01301,Beverages,Red Bull 250ml,46005,24,34963,250,13,False
SKU02282,"Instant & Frozen Food",Maggi 2-Minute Noodles,43064,9,39188,400,167,False
SKU01081,"Snacks & Munchies",Trail Mix - Dry Fruits,22201,1,21978,30,97,False
SKU00536,"Dairy & Bread",Britannia Cheese Slices,31574,28,22733,200,124,False
SKU03208,Baby Care,Baby Bib,63679,16,53490,500,139,False
SKU00740,"Dairy & Bread",Paneer - Malai,34543,31,23834,500,0,True
SKU01509,Beverages,Glucon-D Orange,36549,11,32528,200,9,False
SKU03033,Baby Care,Pampers Diapers - L,149624,,52368,200,0,True
SKU00580,"Dairy & Bread",Amul Masti Buttermilk,27162,30,19013,400,0,True
SKU02279,"Instant & Frozen Food",Maggi 2-Minute Noodles,49958,16,41964,1000,75,False
SKU02489,"Instant & Frozen Food",Upma Mix - MTR,28297,19,22920,70,17,False
SKU01711,"Cleaning & Household",Room Freshener - Odonil,70235,34,46355,1000,0,True
SKU02952,"Bakery & Biscuits",Eclair - Chocolate,19972,24,15178,200,173,False
SKU02443,"Instant & Frozen Food",Oats - Quaker,11304,2,11077,400,144,False
SKU02550,"Instant & Frozen Food",Chapati - Ready to Eat,21449,69,6649,70,23,False
SKU01626,"Cleaning & Household",Domex Toilet Cleaner,16124,26,11931,200,154,False
SKU00008,"Fruits & Vegetables",Onion,10438,19,8454,2000,54,False
SKU02363,"Instant & Frozen Food",Frozen Peas - Safal,37913,41,22368,1000,0,True
SKU00823,"Dairy & Bread",Dahi - Set,30014,5,28513,200,72,False
SKU03128,Baby Care,Baby Lotion - Himalaya,195873,0,195873,100,0,True
SKU00163,"Fruits & Vegetables",Cabbage,22385,3,21713,1000,93,False
SKU00459,"Fruits & Vegetables",Radish,12476,15,10604,2000,97,False
SKU03148,Baby Care,Diaper Rash Cream,76516,7,71159,200,189,False
SKU02112,Personal Care,Gillette Shaving Foam,49326,12,43406,150,0,True
SKU02707,"Bakery & Biscuits",Garlic Bread - Frozen,16641,69,5158,100,67,False
SKU01631,"Cleaning & Household",Domex Toilet Cleaner,29650,-4,22830,1000,49,False
SKU02899,"Bakery & Biscuits",Croissant - Plain,5042,3,4890,100,0,True
SKU00180,"Fruits & Vegetables",Cauliflower,21692,7,20173,500,0,True
SKU03395,Pet Care,Dog Toy - Ball,50113,38,31070,200,137,False
SKU02163,Personal Care,Cotton Balls,105078,8,96671,,46,False
SKU00234,"Fruits & Vegetables",Pomegranate,6318,16,5307,250,139,False
SKU01747,"Cleaning & Household",Hand Wash - Dettol,40667,32,27653,2000,108,False
SKU00191,"Fruits & Vegetables","Spinach (Palak)",17208,21,13594,1000,138,False
SKU02832,"Bakery & Biscuits",Cake Rusk - Britannia,15400,22,12012,60,0,True
SKU01496,Beverages,Horlicks 500g,4525,35,2941,750,178,False
SKU01964,Personal Care,Dove Shampoo - Daily Shine,92436,11,82268,75,118,False
SKU03173,Baby Care,Sippy Cup,196305,16,164896,500,0,True
SKU02785,"Bakery & Biscuits",Donut - Glazed,0,20,0,300,39,False
SKU00325,"Fruits & Vegetables",Drumstick,14750,31,10177,250,121,False
SKU02240,Personal Care,Body Wash - Dove,57390,66,19512,200,6,False
SKU02824,"Bakery & Biscuits",Rusk - Premium,19473,63,7205,40,0,True
SKU00736,"Dairy & Bread",Paneer - Malai,26567,10,23910,100,197,False
SKU00356,"Fruits & Vegetables",Curry Leaves,17045,21,13465,,0,True
SKU00041,"Fruits & Vegetables",Green Chilli,6594,32,4483,1000,0,True
SKU01812,"Cleaning & Household",Fabric Softener - Comfort,6347,26,4696,2000,80,False
SKU00426,"Fruits & Vegetables",Avocado,18724,19,15166,1000,185,False
SKU01084,"Snacks & Munchies",Trail Mix - Dry Fruits,25784,4,24752,30,0,True
SKU00827,"Dairy & Bread",Milkshake - Chocolate,21766,43,12406,1000,0,True
SKU00535,"Dairy & Bread",Britannia Cheese Slices,8112,29,5759,400,28,False
SKU01873,"Cleaning & Household",Drain Cleaner,66403,44,37185,400,0,True
SKU01030,"Snacks & Munchies",Nutri Choice Digestive,26160,16,21974,400,200,False
SKU01728,"Cleaning & Household",Hit Cockroach Spray,15096,,11472,200,4,False
SKU03095,Baby Care,Baby Oil - Johnson's,74288,20,59430,400,104,False
SKU01802,"Cleaning & Household",Fabric Softener - Comfort,10372,28,7467,500,2,False
SKU02743,"Bakery & Biscuits",Cream Roll,3365,70,1009,150,0,True
SKU02507,"Instant & Frozen Food",Idli Batter - iD,18104,29,12853,1000,4,False
SKU00440,"Fruits & Vegetables",Dragon Fruit,19125,15,16256,2000,0,True
SKU01508,Beverages,Glucon-D Orange,47017,,37613,250,195,False
SKU00062,"Fruits & Vegetables",Banana - Robusta,20030,35,13019,500,192,False
SKU01392,Beverages,Filter Coffee Decoction,5940,28,4276,350,89,False
SKU01299,Beverages,Red Bull 250ml,54331,60,21732,350,0,True
SKU00267,"Fruits & Vegetables",Papaya,19593,8,18025,1000,65,False
SKU03059,Baby Care,MamyPoko Pants - L,180699,29,128296,400,0,True
SKU03144,Baby Care,Diaper Rash Cream,159733,1,158135,500,161,False
SKU00518,"Dairy & Bread",Amul Butter - 100g,20291,22,15826,400,148,False
SKU03045,Baby Care,Huggies Diapers - S,15589,30,10912,400,137,False
SKU01883,"Cleaning & Household",Drain Cleaner,55721,26,41233,750,0,True
SKU02339,"Instant & Frozen Food",Haldiram's Frozen Paratha,9991,,6693,400,6,False
SKU01490,Beverages,Horlicks 500g,26902,33,18024,200,0,True
SKU03458,Pet Care,Flea Collar - Dog,93687,29,66517,100,0,True
SKU03119,Baby Care,Baby Lotion - Himalaya,70634,28,50856,200,154,False
SKU01717,"Cleaning & Household",Mosquito Repellent - Good Knight,15545,11,13835,2000,175,False
SKU02542,"Instant & Frozen Food",Chapati - Ready to Eat,22459,8,20662,50,0,True
SKU02998,Baby Care,Lactogen 1,191988,17,159350,400,0,True
SKU01193,Beverages,Pepsi 750ml,16651,12,14652,500,64,False
SKU01057,"Snacks & Munchies",Good Day Butter Cookies,4803,53,2257,50,38,False
SKU02675,"Bakery & Biscuits",Muffin - Blueberry,25738,,15185,200,122,False
SKU00690,"Dairy & Bread",Flavoured Yogurt - Mango,26933,32,18314,200,35,False
SKU00563,"Dairy & Bread",Paneer - Fresh,0,20,0,200,170,False
SKU01920,Personal Care,Sensodyne Rapid Relief,77842,20,62273,250,200,False
SKU00024,"Fruits & Vegetables",Potato,22270,17,18484,,110,False
SKU01648,"Cleaning & Household",Scotch-Brite Scrub Pad,77406,18,63472,2000,111,False
SKU01686,"Cleaning & Household",Paper Towel Roll,5959,,3456,500,0,True
SKU01733,"Cleaning & Household",Phenyl - White,13424,,10202,200,168,False
SKU00729,"Dairy & Bread",Whipped Cream,25530,23,19658,200,110,False
SKU01183,Beverages,Coca Cola 750ml,59108,2,57925,750,156,False
SKU03022,Baby Care,Pampers Diapers - M,183379,2,179711,100,0,True
SKU01359,Beverages,Tonic Water - Schweppes,40619,,19903,750,125,False
SKU00110,"Fruits & Vegetables","Ladies Finger (Bhindi)",20885,10,18796,1500,179,False
SKU00944,"Snacks & Munchies",Bikaji Bhujia Sev,3345,31,2308,400,50,False
SKU00565,"Dairy & Bread",Paneer - Fresh,54273,34,35820,400,0,True
SKU00798,"Dairy & Bread",Shrikhand - Kesar,32299,57,13888,,0,True
SKU00653,"Dairy & Bread",Cheese Spread - Amul,19311,11,17186,500,162,False
SKU03456,Pet Care,Flea Collar - Dog,72065,18,59093,1000,52,False
SKU01001,"Snacks & Munchies",Dark Fantasy,11378,,10581,150,43,False
SKU00480,"Fruits & Vegetables",Spring Onion,17748,32,12068,1000,0,True
SKU01734,"Cleaning & Household",Phenyl - White,21849,5,20756,2000,83,False
SKU01756,"Cleaning & Household",Hand Wash - Dettol,45456,50,22728,750,122,False
SKU02396,"Instant & Frozen Food",Frozen Fish Fingers,29347,,11151,1000,0,True
SKU02839,"Bakery & Biscuits",Nan Khatai,30215,62,11481,60,0,True
SKU00922,"Snacks & Munchies",Cornitos Nachos,10784,0,10784,90,0,True
SKU00726,"Dairy & Bread",Whipped Cream,11138,37,7016,400,104,False
SKU01511,Beverages,Glucon-D Orange,1448,25,1086,1000,44,False
SKU00819,"Dairy & Bread",Dahi - Set,36611,27,26726,100,0,True
SKU02492,"Instant & Frozen Food",Upma Mix - MTR,41849,47,22179,,0,True
SKU00088,"Fruits & Vegetables",Carrot - Ooty,10097,24,7673,250,185,False
SKU02771,"Bakery & Biscuits",Patties - Chicken,34524,31,23821,40,0,True
SKU00901,"Snacks & Munchies",Doritos Nacho Cheese,5711,3,5539,90,0,True
SKU01062,"Snacks & Munchies",Good Day Butter Cookies,38373,10,34535,30,0,True
SKU02622,"Bakery & Biscuits",Britannia Cake - Chocolate,3965,,1586,60,12,False
SKU02789,"Bakery & Biscuits",Cup Cake - Vanilla,33223,65,11628,200,88,False
SKU00774,"Dairy & Bread","Ghee - Amul (500ml)",5900,30,4130,400,104,False
SKU00054,"Fruits & Vegetables",Coriander Leaves,3625,31,2501,250,157,False
SKU02541,"Instant & Frozen Food",Chapati - Ready to Eat,10526,16,8841,70,147,False
SKU01928,Personal Care,Oral-B Toothbrush,102473,13,89151,500,13,False
SKU03309,Pet Care,Drools Dog Treat,68259,11,60750,400,147,False
SKU02744,"Bakery & Biscuits",Cream Roll,12241,16,10282,100,106,False
SKU03243,Pet Care,Pedigree Dog Food - Chicken,72530,2,71079,500,146,False
SKU02546,"Instant & Frozen Food",Chapati - Ready to Eat,16309,37,10274,200,24,False
SKU00725,"Dairy & Bread",Whipped Cream,17267,21,13640,200,142,False
SKU02067,Personal Care,Dove Beauty Bar,116707,35,75859,250,0,True
SKU00339,"Fruits & Vegetables","Mint Leaves (Pudina)",16641,9,15143,250,30,False
SKU01278,Beverages,Paper Boat Aam Panna,35170,-2,24619,350,55,False
SKU01305,Beverages,Monster Energy 350ml,5698,8,5242,,110,False
SKU02563,"Instant & Frozen Food",Atta Noodles - Patanjali,41044,3,39812,200,50,False
SKU03171,Baby Care,Sippy Cup,136610,20,109288,300,42,False
SKU01465,Beverages,Nimbu Pani - Concentrate,1261,30,882,200,176,False
SKU02104,Personal Care,Gillette Shaving Foam,86855,25,65141,500,0,True
SKU01908,Personal Care,Colgate MaxFresh Toothpaste,109852,32,74699,200,116,False
SKU01585,"Cleaning & Household",Surf Excel Matic Top Load,47134,2,46191,750,142,False
SKU03293,Pet Care,Royal Canin - Maxi Adult,7767,9,7067,400,176,False
SKU02962,"Bakery & Biscuits",Eclair - Chocolate,20175,16,16947,100,114,False
SKU01426,Beverages,Kombucha - Bombucha,42018,13,36555,500,103,False
SKU00843,"Snacks & Munchies",Lay's Classic Salted,32385,26,23964,,0,True
SKU01049,"Snacks & Munchies",Good Day Butter Cookies,30407,35,19764,200,100,False
SKU00758,"Dairy & Bread",Skimmed Milk Powder,45034,7,41881,400,77,False
SKU00830,"Dairy & Bread",Milkshake - Chocolate,21550,4,20688,500,0,True
SKU02619,"Instant & Frozen Food",Frozen Momos - Wo Momo,23709,36,15173,400,0,True
SKU02199,Personal Care,Lip Balm - Nivea,40922,2,40103,200,90,False
SKU03146,Baby Care,Diaper Rash Cream,69610,20,55688,300,45,False
SKU00276,"Fruits & Vegetables",Papaya,7899,15,6714,500,140,False
SKU02320,"Instant & Frozen Food",MTR Ready-to-Eat Rajma,30870,7,28709,70,76,False
SKU02576,"Instant & Frozen Food",Atta Noodles - Patanjali,17240,29,12240,50,0,True
SKU01514,Beverages,Glucon-D Orange,52742,25,39556,1000,80,False
SKU01330,Beverages,Sting Energy Drink,35946,29,25521,750,20,False
SKU02925,"Bakery & Biscuits",Bagel - Plain,29692,35,19299,200,0,True
SKU02816,"Bakery & Biscuits",Rusk - Premium,27282,24,20734,300,48,False
SKU00589,"Dairy & Bread",Greek Yogurt - Plain,40221,1,39818,1000,194,False
SKU00151,"Fruits & Vegetables",Beetroot,2236,31,1542,1500,5,False
SKU01322,Beverages,Sting Energy Drink,56771,11,50526,750,21,False
SKU01409,Beverages,Cold Coffee - Starbucks,39258,16,32976,250,0,True
SKU01039,"Snacks & Munchies",Marie Gold,24125,23,18576,,19,False
SKU02654,"Bakery & Biscuits",Treat Croissant - Chocolate,4095,69,1269,300,0,True
SKU03072,Baby Care,Baby Wipes - Johnson's,156417,24,118876,400,153,False
SKU02127,Personal Care,Perfume - Wild Stone,101600,34,67055,100,168,False
SKU03241,Pet Care,Pedigree Dog Food - Chicken,145780,20,116624,200,167,False
SKU00316,"Fruits & Vegetables",Ridge Gourd,18969,12,16692,250,60,False
SKU00210,"Fruits & Vegetables",Brinjal,5018,14,4315,500,79,False
SKU00349,"Fruits & Vegetables",Curry Leaves,8420,17,6988,2000,142,False
SKU00391,"Fruits & Vegetables",Guava,9244,13,8042,1000,7,False
SKU01096,"Snacks & Munchies",Roasted Almonds - Salted,10822,30,7575,400,163,False
SKU01097,"Snacks & Munchies",Roasted Almonds - Salted,39917,29,28341,150,150,False
SKU00684,"Dairy & Bread",Flavoured Yogurt - Mango,11428,6,10742,1000,169,False
SKU00263,"Fruits & Vegetables",Grapes - Green,7831,23,6029,250,0,True
SKU02024,Personal Care,Vaseline Intensive Care,55701,21,44003,200,187,False
SKU03394,Pet Care,Dog Toy - Ball,106893,25,80169,3000,44,False
SKU01653,"Cleaning & Household",Scotch-Brite Scrub Pad,16020,69,4966,750,55,False
SKU00285,"Fruits & Vegetables",Mushroom - Button,13719,3,13307,1000,183,False
SKU03427,Pet Care,Hamster Food,128550,,89985,500,111,False
SKU01681,"Cleaning & Household",Cling Wrap,65176,12,57354,750,173,False
SKU02234,Personal Care,Body Wash - Dove,30601,25,22950,150,14,False
SKU00532,"Dairy & Bread",Britannia Cheese Slices,51157,18,41948,1000,0,True
SKU03442,Pet Care,Pet Carrier - Small,13830,6,13000,3000,180,False
SKU00161,"Fruits & Vegetables",Cabbage,16592,2,16260,2000,177,False
SKU01700,"Cleaning & Household",Toilet Paper - 4 Pack,72146,33,48337,2000,7,False
SKU01486,Beverages,Protein Shake - MuscleBlaze,24913,60,9965,,0,True
SKU01865,"Cleaning & Household",Rat Trap - Glue,41802,33,28007,2000,188,False
SKU03057,Baby Care,MamyPoko Pants - L,134211,24,102000,500,58,False
SKU00436,"Fruits & Vegetables",Dragon Fruit,2311,19,1871,250,0,True
SKU02970,Baby Care,Cerelac - Wheat Apple,155504,6,146173,500,130,False
SKU00661,"Dairy & Bread",Hung Curd,14799,16,12431,500,33,False
SKU02562,"Instant & Frozen Food",Roti - Multigrain,22118,19,17915,50,36,False
SKU00075,"Fruits & Vegetables",Apple - Shimla,21502,2,21071,1500,129,False
SKU02001,Personal Care,Nivea Body Lotion,20667,30,14466,50,122,False
SKU01679,"Cleaning & Household",Cling Wrap,52678,,39508,200,0,True
SKU02442,"Instant & Frozen Food",Oats - Quaker,38230,22,29819,400,111,False
SKU03137,Baby Care,Baby Soap - Dove,17884,8,16453,400,80,False
SKU03474,Pet Care,Tick Spray,79403,46,42877,400,47,False
SKU01689,"Cleaning & Household",Paper Towel Roll,6040,12,5315,2000,144,False
SKU00116,"Fruits & Vegetables",Cucumber,12373,66,4206,1000,107,False
SKU03109,Baby Care,Baby Powder - Johnson's,189581,20,151664,100,27,False
SKU00230,"Fruits & Vegetables",Pomegranate,18818,31,12984,2000,0,True
SKU03372,Pet Care,Dog Leash,114747,20,91797,3000,101,False
SKU01144,"Snacks & Munchies",Peanut Butter Cups,12053,6,11329,30,32,False
SKU01530,Beverages,Electral Powder,25248,15,21460,200,157,False
SKU01823,"Cleaning & Household",Bleach - Robin,41622,11,37043,,0,True
SKU01028,"Snacks & Munchies",Nutri Choice Digestive,23035,18,18888,90,51,False
SKU03315,Pet Care,Drools Dog Treat,125631,,85429,1000,177,False
SKU02695,"Bakery & Biscuits",Bread Roll,4568,30,3197,100,0,True
SKU02422,"Instant & Frozen Food","Soup - Knorr Hot & Sour",27529,1,27253,50,3,False
SKU02994,Baby Care,Lactogen 1,121694,9,110741,300,0,True
SKU01703,"Cleaning & Household",Toilet Paper - 4 Pack,50900,66,17306,400,192,False
SKU01414,Beverages,Coconut Water - Raw Pressery,56645,62,21525,350,44,False
SKU01312,Beverages,Monster Energy 350ml,49720,32,33809,1000,0,True
SKU00672,"Dairy & Bread",Flavoured Yogurt - Strawberry,46877,68,15000,400,189,False
SKU00837,"Dairy & Bread",Milkshake - Chocolate,15366,34,10141,100,139,False
SKU00103,"Fruits & Vegetables","Ladies Finger (Bhindi)",1503,13,1307,,133,False
SKU00353,"Fruits & Vegetables",Curry Leaves,19449,17,16142,500,118,False
SKU03329,Pet Care,Cat Litter - Clumping,33213,1,32880,400,165,False
SKU00737,"Dairy & Bread",Paneer - Malai,31968,6,30049,400,72,False
SKU03021,Baby Care,Pampers Diapers - M,148000,68,47359,500,37,False
SKU00433,"Fruits & Vegetables",Dragon Fruit,3039,1,3008,500,0,True
SKU02993,Baby Care,Lactogen 1,31580,8,29053,400,141,False
SKU00761,"Dairy & Bread",Skimmed Milk Powder,29013,41,17117,500,136,False
SKU03337,Pet Care,Dog Shampoo,98795,32,67180,3000,137,False
SKU01187,Beverages,Pepsi 750ml,4477,4,4297,,17,False
SKU03428,Pet Care,Hamster Food,27300,0,27300,3000,0,True
SKU00196,"Fruits & Vegetables","Spinach (Palak)",13434,22,10478,250,106,False
SKU03405,Pet Care,Fish Food - Taiyo,11331,7,10537,,87,False
SKU02973,Baby Care,Cerelac - Wheat Apple,13504,41,7967,400,0,True
SKU01082,"Snacks & Munchies",Trail Mix - Dry Fruits,7737,35,5029,200,137,False
SKU03157,Baby Care,Gripe Water - Woodward's,139099,0,139099,100,0,True
SKU00085,"Fruits & Vegetables",Carrot - Ooty,3513,0,3513,500,47,False
SKU03453,Pet Care,Flea Collar - Dog,81019,10,72917,400,48,False
SKU01371,Beverages,Green Tea - Lipton,46957,4,45078,1000,140,False
SKU01052,"Snacks & Munchies",Good Day Butter Cookies,37251,65,13037,90,0,True
SKU01956,Personal Care,"Head & Shoulders Shampoo",85455,18,70073,150,152,False
SKU01033,"Snacks & Munchies",Nutri Choice Digestive,22160,17,18392,50,0,True
SKU02186,Personal Care,Wet Wipes - Himalaya,9064,8,8338,100,134,False
SKU01562,"Cleaning & Household",Lizol Floor Cleaner - Citrus,61911,5,58815,1000,20,False
SKU02843,"Bakery & Biscuits",Nan Khatai,3711,6,3488,100,167,False
SKU02733,"Bakery & Biscuits",Khari Biscuit,21620,41,12755,200,0,True
SKU02536,"Instant & Frozen Food",Frozen Spring Roll,45383,3,44021,400,0,True
SKU00929,"Snacks & Munchies",Cornitos Nachos,32024,10,28821,50,52,False
SKU01572,"Cleaning & Household",Harpic Toilet Cleaner,78987,12,69508,1000,129,False
SKU01526,Beverages,Electral Powder,47889,4,45973,200,188,False
SKU00892,"Snacks & Munchies",Pringles Original,11794,5,11204,150,175,False
SKU03319,Pet Care,Cat Litter - Clumping,37153,18,30465,500,40,False
SKU03117,Baby Care,Baby Lotion - Himalaya,97043,66,32994,200,0,True
SKU01135,"Snacks & Munchies",Granola Bar - Nature Valley,8627,26,6383,30,75,False
SKU00168,"Fruits & Vegetables",Cabbage,1538,22,1199,250,49,False
SKU00742,"Dairy & Bread",Paneer - Malai,50591,19,40978,,0,True
SKU00237,"Fruits & Vegetables",Pomegranate,13258,3,12860,1500,51,False
SKU02982,Baby Care,Cerelac - Rice,154831,,117671,100,17,False
SKU01719,"Cleaning & Household",Mosquito Repellent - Good Knight,43682,0,43682,2000,11,False
SKU01354,Beverages,Tonic Water - Schweppes,20967,2,20547,1000,37,False
SKU01914,Personal Care,Colgate MaxFresh Toothpaste,31493,68,10077,250,0,True
SKU01252,Beverages,Real Juice - Mixed Fruit,31998,,25278,500,153,False
SKU00374,"Fruits & Vegetables",Watermelon,21734,52,10432,1000,54,False
SKU01276,Beverages,Paper Boat Aam Panna,36319,15,30871,250,172,False
SKU00342,"Fruits & Vegetables","Mint Leaves (Pudina)",11031,15,9376,250,0,True
SKU02023,Personal Care,Vaseline Intensive Care,29811,22,23252,250,139,False
SKU02356,"Instant & Frozen Food",McCain French Fries,13838,17,11485,70,189,False
SKU02162,Personal Care,Cotton Balls,57193,12,50329,100,162,False
SKU00546,"Dairy & Bread","Curd - Plain (400g)",12507,23,9630,100,0,True
SKU00732,"Dairy & Bread",Whipped Cream,29623,5,28141,500,143,False
SKU00073,"Fruits & Vegetables",Apple - Shimla,13350,11,11881,1000,141,False
SKU02591,"Instant & Frozen Food",Vermicelli - Bambino,43065,61,16795,400,0,True
SKU01231,Beverages,Maaza Mango 600ml,39554,29,28083,500,130,False
SKU02662,"Bakery & Biscuits",Treat Croissant - Chocolate,7734,15,6573,200,17,False
SKU02159,Personal Care,Cotton Balls,39224,16,32948,75,79,False
SKU03078,Baby Care,Baby Shampoo - Johnson's,179254,20,143403,300,140,False
SKU02830,"Bakery & Biscuits",Cake Rusk - Britannia,27242,28,19614,200,139,False
SKU02164,Personal Care,Cotton Balls,106416,14,91517,75,148,False
SKU01061,"Snacks & Munchies",Good Day Butter Cookies,1116,14,959,90,69,False
SKU03139,Baby Care,Baby Soap - Dove,156346,,153219,500,58,False
SKU01979,Personal Care,Pantene Conditioner,104513,26,77339,100,190,False
SKU03452,Pet Care,Pet Carrier - Small,14371,31,9915,3000,0,True
SKU02842,"Bakery & Biscuits",Nan Khatai,33391,6,31387,200,10,False
SKU01186,Beverages,Pepsi 750ml,27284,16,22918,200,170,False
SKU02535,"Instant & Frozen Food",Frozen Spring Roll,26330,24,20010,140,45,False
SKU03468,Pet Care,Tick Spray,88415,16,74268,3000,0,True
SKU02635,"Bakery & Biscuits",Britannia Cake - Chocolate,24403,18,20010,200,200,False
SKU03204,Baby Care,Baby Blanket,192057,15,163248,200,0,True
SKU00978,"Snacks & Munchies","Hide & Seek",20529,33,13754,400,89,False
SKU03161,Baby Care,Gripe Water - Woodward's,15662,19,12686,,15,False
SKU00418,"Fruits & Vegetables",Avocado,15196,31,10485,250,0,True
SKU02575,"Instant & Frozen Food",Atta Noodles - Patanjali,26327,62,10004,400,129,False
SKU02118,Personal Care,Deodorant - Fogg,59808,19,48444,500,0,True
SKU01009,"Snacks & Munchies",Dark Fantasy,32669,25,24501,400,121,False
SKU01296,Beverages,Red Bull 250ml,41815,32,28434,750,72,False
SKU01737,"Cleaning & Household",Phenyl - White,77626,2,76073,200,74,False
SKU02100,Personal Care,Gillette Mach3 Razor,114211,19,92510,200,0,True
SKU01085,"Snacks & Munchies",Trail Mix - Dry Fruits,28288,23,21781,150,43,False
SKU03189,Baby Care,Teether,16361,3,15870,,0,True
SKU02109,Personal Care,Gillette Shaving Foam,41646,33,27902,75,1,False
SKU02474,"Instant & Frozen Food",Poha - Instant,28229,4,27099,400,117,False
SKU01172,"Snacks & Munchies",Mathri,4278,25,3208,150,8,False
SKU01857,"Cleaning & Household",Naphthalene Balls,37405,14,32168,400,0,True
SKU01349,Beverages,Kinley Water 500ml,44635,60,17854,350,139,False
SKU01437,Beverages,Lassi - Sweet,27500,27,20075,,0,True
SKU03351,Pet Care,Dog Biscuit - Milk Bone,70769,2,69353,500,188,False
SKU01152,"Snacks & Munchies",Peanut Butter Cups,17868,32,12150,90,76,False
SKU01429,Beverages,Kombucha - Bombucha,39091,16,32836,1000,186,False
SKU01438,Beverages,Lassi - Sweet,46040,0,46040,250,109,False
SKU02887,"Bakery & Biscuits",Wafer - Chocolate,11597,35,7538,60,89,False
SKU00727,"Dairy & Bread",Whipped Cream,54765,11,48740,1000,101,False
SKU01240,Beverages,Maaza Mango 600ml,29212,15,24830,1000,43,False
SKU03393,Pet Care,Dog Toy - Ball,85061,34,56140,3000,175,False
SKU00769,"Dairy & Bread",Condensed Milk - Milkmaid,23804,13,20709,100,77,False
SKU01690,"Cleaning & Household",Paper Towel Roll,57706,9,52512,750,126,False
SKU02278,"Instant & Frozen Food",Maggi 2-Minute Noodles,32921,35,21398,140,11,False
SKU02132,Personal Care,Perfume - Wild Stone,88568,5,84139,75,0,True
SKU01136,"Snacks & Munchies",Granola Bar - Nature Valley,25172,44,14096,50,126,False
SKU01870,"Cleaning & Household",Drain Cleaner,22681,2,22227,1000,0,True
SKU00622,"Dairy & Bread",Pav - Ladi,48120,65,16842,200,138,False
SKU01654,"Cleaning & Household",Scotch-Brite Scrub Pad,76432,55,34394,2000,89,False
SKU02616,"Instant & Frozen Food",Frozen Momos - Wo Momo,38671,14,33257,50,16,False
SKU03264,Pet Care,Whiskas Cat Food - Tuna,67118,63,24833,3000,0,True
SKU03055,Baby Care,MamyPoko Pants - M,36554,17,30339,200,0,True
SKU02369,"Instant & Frozen Food",Frozen Peas - Safal,5426,21,4286,50,72,False
SKU03112,Baby Care,Baby Powder - Johnson's,90040,-3,82836,500,185,False
SKU01642,"Cleaning & Household",Scotch-Brite Scrub Pad,33366,6,31364,200,79,False
SKU02351,"Instant & Frozen Food",Haldiram's Frozen Paratha,4567,3,4429,140,170,False
SKU01850,"Cleaning & Household",Naphthalene Balls,76336,3,74045,750,192,False
SKU03460,Pet Care,Flea Collar - Dog,71563,0,71563,200,0,True
SKU02571,"Instant & Frozen Food",Atta Noodles - Patanjali,7142,28,5142,70,42,False
SKU02465,"Instant & Frozen Food",Cornflakes - Kellogg's,43769,12,38516,200,66,False
SKU01851,"Cleaning & Household",Naphthalene Balls,62803,9,57150,200,163,False
SKU02750,"Bakery & Biscuits",Cream Roll,29932,1,29632,40,90,False
SKU02837,"Bakery & Biscuits",Cake Rusk - Britannia,15066,56,6629,300,149,False
SKU01329,Beverages,Sting Energy Drink,1131,0,1131,750,0,True
SKU00038,"Fruits & Vegetables",Green Chilli,19738,13,17172,500,159,False
SKU00999,"Snacks & Munchies",Dark Fantasy,8498,29,6033,200,19,False
SKU01677,"Cleaning & Household",Aluminium Foil - 9m,31589,27,23059,2000,131,False
SKU01248,Beverages,Real Juice - Mixed Fruit,48863,0,48863,200,0,True
SKU02251,Personal Care,Talcum Powder - Ponds,91866,23,70736,250,0,True
SKU00874,"Snacks & Munchies",Bingo Mad Angles,2500,33,1674,200,0,True
SKU01064,"Snacks & Munchies",Bisk Farm Cream Cracker,6960,9,6333,30,14,False
SKU03165,Baby Care,Baby Feeding Bottle,96598,9,87904,100,2,False
SKU01036,"Snacks & Munchies",Nutri Choice Digestive,11360,35,7384,50,119,False
SKU01332,Beverages,Bisleri Water 1L,49463,3,47979,250,121,False
SKU00906,"Snacks & Munchies",Doritos Nacho Cheese,1075,33,720,90,0,True
SKU00594,"Dairy & Bread","Bread - White (Britannia)",5552,22,4330,1000,31,False
SKU02266,Personal Care,Nail Cutter,57325,19,46433,500,178,False
SKU02514,"Instant & Frozen Food",Idli Batter - iD,33681,17,27955,200,0,True
SKU03121,Baby Care,Baby Lotion - Himalaya,23791,21,18794,400,133,False
SKU00441,"Fruits & Vegetables",Dragon Fruit,18904,44,10586,1000,0,True
SKU00939,"Snacks & Munchies",Too Yumm Multigrain,2525,12,2222,400,77,False
SKU03132,Baby Care,Baby Soap - Dove,42483,35,27613,100,32,False
SKU01584,"Cleaning & Household",Surf Excel Matic Top Load,48221,9,43881,1000,0,True
SKU00693,"Dairy & Bread",Flavoured Yogurt - Mango,35477,31,24479,1000,0,True
SKU02382,"Instant & Frozen Food",Frozen Chicken Nuggets,4825,36,3088,500,180,False
SKU01581,"Cleaning & Household",Harpic Toilet Cleaner,10520,3,10204,2000,173,False
SKU00961,"Snacks & Munchies",Monaco Biscuit,25149,48,13077,30,20,False
SKU00005,"Fruits & Vegetables",Onion,10049,54,4622,1000,0,True
SKU00640,"Dairy & Bread",Amul Cream - Fresh,27844,3,27008,1000,0,True
SKU03074,Baby Care,Baby Wipes - Johnson's,41267,21,32600,200,0,True
SKU01745,"Cleaning & Household",Hand Wash - Dettol,76380,16,64159,500,7,False
SKU02122,Personal Care,Deodorant - Fogg,3230,40,1938,150,173,False
SKU02670,"Bakery & Biscuits",Muffin - Blueberry,4804,30,3362,60,0,True
SKU02171,Personal Care,Ear Buds,117747,35,76535,100,0,True
SKU03176,Baby Care,Sippy Cup,148323,2,145356,400,116,False
SKU02243,Personal Care,Talcum Powder - Ponds,114794,56,50509,200,22,False
SKU02724,"Bakery & Biscuits",Bun - Sweet,20901,13,18183,200,105,False
SKU03077,Baby Care,Baby Shampoo - Johnson's,28547,32,19411,300,0,True
SKU00713,"Dairy & Bread",Cream Cheese,47668,24,36227,400,40,False
SKU03201,Baby Care,Baby Blanket,86642,13,75378,400,67,False
SKU03348,Pet Care,Cat Shampoo,139291,31,96110,1000,124,False
SKU02950,"Bakery & Biscuits",Cinnamon Roll,9740,13,8473,100,84,False
SKU01217,Beverages,Frooti Mango 200ml,4702,18,3855,1000,185,False
SKU02206,Personal Care,Lip Balm - Nivea,61629,6,57931,200,168,False
SKU01714,"Cleaning & Household",Mosquito Repellent - Good Knight,37296,12,32820,2000,0,True
SKU02589,"Instant & Frozen Food",Vermicelli - Bambino,16536,14,14220,400,0,True
SKU00203,"Fruits & Vegetables",Brinjal,10583,19,8572,1500,0,True
SKU00656,"Dairy & Bread",Cheese Spread - Amul,28029,0,28029,200,55,False
SKU03122,Baby Care,Baby Lotion - Himalaya,21008,8,19327,500,172,False
SKU00772,"Dairy & Bread","Ghee - Amul (500ml)",24407,4,23430,200,103,False
SKU03237,Pet Care,Pedigree Dog Food - Chicken,66718,,63382,400,181,False
SKU00152,"Fruits & Vegetables",Beetroot,22983,27,16777,500,8,False
SKU01289,Beverages,Paper Boat Aam Panna,1172,57,503,500,0,True
SKU02002,Personal Care,Nivea Body Lotion,33639,35,21865,200,0,True
SKU00012,"Fruits & Vegetables",Tomato - Hybrid,1918,19,1553,1000,79,False
SKU01251,Beverages,Real Juice - Mixed Fruit,2925,5,2778,200,105,False
SKU00917,"Snacks & Munchies",Act II Popcorn - Butter,34401,23,26488,90,22,False
SKU00340,"Fruits & Vegetables","Mint Leaves (Pudina)",10099,49,5150,2000,0,True
SKU01606,"Cleaning & Household",Tide Detergent Powder,69327,7,64474,500,0,True
SKU03426,Pet Care,Bird Seed Mix,17188,33,11515,400,96,False
SKU01189,Beverages,Pepsi 750ml,30559,10,27503,200,78,False
SKU02036,Personal Care,Garnier Face Wash - Men,38801,21,30652,500,35,False
SKU01839,"Cleaning & Household",Dish Cloth - 3 Pack,59612,21,47093,2000,90,False
SKU00409,"Fruits & Vegetables",Kiwi - Green,9678,6,9097,250,67,False
SKU01926,Personal Care,Sensodyne Rapid Relief,105695,67,34879,50,0,True
SKU02790,"Bakery & Biscuits",Cup Cake - Vanilla,13210,34,8718,100,0,True
SKU03138,Baby Care,Baby Soap - Dove,46900,23,36113,200,6,False
SKU03024,Baby Care,Pampers Diapers - M,160954,35,104620,400,0,True
SKU01645,"Cleaning & Household",Scotch-Brite Scrub Pad,44422,22,34649,750,0,True
SKU02825,"Bakery & Biscuits",Rusk - Premium,8631,28,6214,100,0,True
SKU01134,"Snacks & Munchies",Granola Bar - Nature Valley,20225,56,8898,,25,False
SKU01258,Beverages,Real Juice - Mixed Fruit,3461,46,1868,200,118,False
SKU00202,"Fruits & Vegetables",Brinjal,22294,33,14936,500,130,False
SKU00629,"Dairy & Bread",Milk Bread,22797,65,7978,500,0,True
SKU00641,"Dairy & Bread",Amul Cream - Fresh,43700,0,43700,400,65,False
SKU00934,"Snacks & Munchies",Too Yumm Multigrain,5448,18,4467,200,0,True
SKU00114,"Fruits & Vegetables",Cucumber,14144,,13153,250,70,False
SKU01791,"Cleaning & Household",Dustpan,42994,26,31815,1000,103,False
SKU02181,Personal Care,Ear Buds,99330,27,72510,200,103,False
SKU03014,Baby Care,Pampers Diapers - S,92909,31,64107,200,164,False
SKU02545,"Instant & Frozen Food",Chapati - Ready to Eat,45695,12,40211,500,0,True
SKU01489,Beverages,Horlicks 500g,23377,7,21740,,7,False
SKU01798,"Cleaning & Household",Dustpan,11280,11,10039,750,104,False
SKU02841,"Bakery & Biscuits",Nan Khatai,2288,11,2036,40,140,False
SKU01889,"Cleaning & Household",Glass Wiper,30049,6,28246,400,101,False
SKU03317,Pet Care,Drools Dog Treat,78266,,54786,500,90,False
SKU01852,"Cleaning & Household",Naphthalene Balls,57988,24,44070,750,0,True
SKU01105,"Snacks & Munchies",Cashew Nuts - W320,13262,32,9018,,0,True
SKU00558,"Dairy & Bread",Paneer - Fresh,5277,35,3430,500,142,False
SKU01801,"Cleaning & Household",Fabric Softener - Comfort,67737,15,57576,200,33,False
SKU02710,"Bakery & Biscuits",Pizza Base,24767,43,14117,300,135,False
SKU02353,"Instant & Frozen Food",McCain French Fries,44101,14,37926,70,126,False
SKU01300,Beverages,Red Bull 250ml,29696,24,22568,350,0,True
SKU02438,"Instant & Frozen Food",Oats - Quaker,19218,33,12876,140,0,True
SKU01431,Beverages,Kombucha - Bombucha,19062,22,14868,350,126,False
SKU01786,"Cleaning & Household",Broom - Grass,6080,,5350,750,0,True
SKU01930,Personal Care,Oral-B Toothbrush,95016,36,60810,250,0,True
SKU03318,Pet Care,Drools Dog Treat,130337,10,117303,3000,79,False
SKU01731,"Cleaning & Household",Hit Cockroach Spray,27228,29,19331,750,0,True
SKU00853,"Snacks & Munchies",Kurkure Masala Munch,19426,15,16512,30,142,False
SKU02801,"Bakery & Biscuits",Swiss Roll,12346,12,10864,100,33,False
SKU02803,"Bakery & Biscuits",Swiss Roll,11225,15,9541,300,95,False
SKU01070,"Snacks & Munchies",Bisk Farm Cream Cracker,21177,,8259,50,20,False
SKU02726,"Bakery & Biscuits",Bun - Sweet,27262,11,24263,300,129,False
SKU02423,"Instant & Frozen Food","Soup - Knorr Hot & Sour",0,14,0,500,110,False
SKU03166,Baby Care,Baby Feeding Bottle,172499,1,170774,400,186,False
SKU00609,"Dairy & Bread","Bread - Brown (Harvest Gold)",16840,14,14482,500,151,False
SKU02629,"Bakery & Biscuits",Britannia Cake - Chocolate,34449,17,28592,40,73,False
SKU01458,Beverages,Nimbu Pani - Concentrate,10864,59,4454,250,0,True
SKU01419,Beverages,Coconut Water - Raw Pressery,9860,4,9465,350,151,False
SKU02716,"Bakery & Biscuits",Pizza Base,4366,3,4235,,14,False
SKU02820,"Bakery & Biscuits",Rusk - Premium,5733,,3669,200,0,True
SKU00911,"Snacks & Munchies",Act II Popcorn - Butter,27527,19,22296,90,176,False
SKU02395,"Instant & Frozen Food",Frozen Fish Fingers,25417,37,16012,400,93,False
SKU01559,"Cleaning & Household",Lizol Floor Cleaner - Citrus,11680,34,7708,750,9,False
SKU02463,"Instant & Frozen Food",Cornflakes - Kellogg's,2994,,1766,50,95,False
SKU03256,Pet Care,Pedigree Dog Food - Veg,70070,12,61661,400,0,True
SKU01253,Beverages,Real Juice - Mixed Fruit,35129,53,16510,500,0,True
SKU00756,"Dairy & Bread",Skimmed Milk Powder,54662,34,36076,500,125,False
SKU02996,Baby Care,Lactogen 1,147828,18,121218,300,90,False
SKU01025,"Snacks & Munchies",Nutri Choice Digestive,34650,,26680,150,0,True
SKU03398,Pet Care,Dog Toy - Ball,117992,4,113272,3000,69,False
SKU01973,Personal Care,Pantene Conditioner,79655,32,54165,50,82,False
SKU02652,"Bakery & Biscuits",Tiger Glucose Biscuit,31426,33,21055,40,0,True
SKU01795,"Cleaning & Household",Dustpan,44530,19,36069,750,121,False
SKU02580,"Instant & Frozen Food",Pasta - Barilla Penne,4723,1,4675,400,0,True
SKU02818,"Bakery & Biscuits",Rusk - Premium,32783,14,28193,100,42,False
SKU02006,Personal Care,Nivea Body Lotion,97670,30,68369,500,0,True
SKU01404,Beverages,Cold Coffee - Starbucks,56868,23,43788,,0,True
SKU02692,"Bakery & Biscuits",Bread Roll,16064,11,14296,150,149,False
SKU00668,"Dairy & Bread",Hung Curd,3826,1,3787,1000,76,False
SKU02177,Personal Care,Ear Buds,79059,31,54550,250,130,False
SKU01442,Beverages,Lassi - Sweet,15121,9,13760,250,103,False
SKU03466,Pet Care,Tick Spray,70001,26,51800,500,31,False
SKU02526,"Instant & Frozen Food",Frozen Samosa,21696,7,20177,200,176,False
SKU01792,"Cleaning & Household",Dustpan,78919,14,67870,1000,82,False
SKU01555,"Cleaning & Household",Vim Dishwash Gel - Lemon,11625,12,10230,2000,0,True
SKU01331,Beverages,Bisleri Water 1L,19310,43,11006,500,79,False
SKU02081,Personal Care,Dove Beauty Bar,114005,19,92344,200,0,True
SKU03304,Pet Care,Royal Canin - Maxi Adult,70269,34,46377,500,0,True
SKU01242,Beverages,Maaza Mango 600ml,16670,31,11502,200,125,False
SKU01580,"Cleaning & Household",Harpic Toilet Cleaner,13042,47,6912,400,0,True
SKU00437,"Fruits & Vegetables",Dragon Fruit,15763,9,14344,250,176,False
SKU00779,"Dairy & Bread","Ghee - Amul (500ml)",6281,17,5213,1000,55,False
SKU00100,"Fruits & Vegetables",Capsicum - Green,11365,20,9092,250,19,False
SKU00876,"Snacks & Munchies",Bingo Mad Angles,2120,9,1929,200,61,False
SKU01406,Beverages,Cold Coffee - Starbucks,42990,12,37831,500,131,False
SKU02297,"Instant & Frozen Food",Top Ramen - Curry,39379,4,37803,400,99,False
SKU00013,"Fruits & Vegetables",Tomato - Hybrid,9411,11,8375,500,40,False
SKU02138,Personal Care,Perfume - Wild Stone,92699,38,57473,,184,False
SKU01603,"Cleaning & Household",Tide Detergent Powder,23693,9,21560,500,70,False
SKU02021,Personal Care,Vaseline Intensive Care,98235,35,63852,150,0,True
SKU02928,"Bakery & Biscuits",Bagel - Plain,19435,12,17102,300,36,False
SKU01190,Beverages,Pepsi 750ml,35818,27,26147,350,186,False
SKU02916,"Bakery & Biscuits",Focaccia Bread,2607,3,2528,100,193,False
SKU00348,"Fruits & Vegetables",Curry Leaves,24220,24,18407,1500,19,False
SKU00092,"Fruits & Vegetables",Carrot - Ooty,2840,1,2811,1000,102,False
SKU00117,"Fruits & Vegetables",Cucumber,21769,28,15673,500,0,True
SKU03180,Baby Care,Sippy Cup,164400,10,147960,300,105,False
SKU02584,"Instant & Frozen Food",Pasta - Barilla Penne,17928,28,12908,50,0,True
SKU02848,"Bakery & Biscuits",Nan Khatai,4427,,3453,300,123,False
SKU00061,"Fruits & Vegetables",Banana - Robusta,18995,59,7787,1000,87,False
SKU03366,Pet Care,Pet Bowl - Steel,79542,46,42952,500,8,False
SKU01120,"Snacks & Munchies","Fox Nuts (Makhana)",23868,54,10979,150,95,False
SKU00109,"Fruits & Vegetables","Ladies Finger (Bhindi)",10607,56,4667,1500,58,False
SKU03282,Pet Care,Whiskas Cat Food - Chicken,45401,22,35412,1000,161,False
SKU01832,"Cleaning & Household",Steel Wool,63730,22,49709,1000,7,False
SKU00173,"Fruits & Vegetables",Cabbage,2436,58,1023,2000,137,False
SKU02018,Personal Care,Vaseline Intensive Care,46409,30,32486,75,39,False
SKU02472,"Instant & Frozen Food",Poha - Instant,40941,35,26611,200,9,False
SKU00975,"Snacks & Munchies","Hide & Seek",30981,26,22925,400,39,False
SKU01770,"Cleaning & Household",Mop Refill,36578,20,29262,500,79,False
SKU01182,Beverages,Coca Cola 750ml,43116,0,43116,750,29,False
SKU02059,Personal Care,Dettol Soap - 125g,94773,38,58759,50,0,True
SKU02944,"Bakery & Biscuits",Cinnamon Roll,17788,12,15653,60,181,False
SKU00238,"Fruits & Vegetables",Pomegranate,14817,17,12298,1500,67,False
SKU01825,"Cleaning & Household",Bleach - Robin,66161,35,43004,400,155,False
SKU00079,"Fruits & Vegetables",Apple - Shimla,3145,,2893,250,85,False
SKU00621,"Dairy & Bread",Pav - Ladi,24463,5,23239,500,97,False
SKU02202,Personal Care,Lip Balm - Nivea,92224,4,88535,250,0,True
SKU00888,"Snacks & Munchies",Haldiram's Aloo Bhujia,27760,34,18321,200,0,True
SKU00705,"Dairy & Bread","Lassi - Mango (Amul)",36786,7,34210,400,84,False
SKU00070,"Fruits & Vegetables",Apple - Shimla,16789,6,15781,250,73,False
SKU01150,"Snacks & Munchies",Peanut Butter Cups,22759,51,11151,30,50,False
SKU03313,Pet Care,Drools Dog Treat,43271,54,19904,3000,21,False
SKU00744,"Dairy & Bread",Tofu - Firm,9378,25,7033,500,168,False
SKU01988,Personal Care,Hair Oil - Parachute Coconut,46547,19,37703,,50,False
SKU01249,Beverages,Real Juice - Mixed Fruit,6027,3,5846,250,147,False
SKU02963,"Bakery & Biscuits",Eclair - Chocolate,14123,,11580,60,149,False
SKU02314,"Instant & Frozen Food",Cup Noodles - Masala,34380,24,26128,1000,0,True
SKU02419,"Instant & Frozen Food",Instant Pasta - Knorr,15710,31,10839,200,148,False
SKU01161,"Snacks & Munchies",Mathri,14291,10,12861,400,179,False
SKU00783,"Dairy & Bread","Ghee - Amul (500ml)",34647,8,31875,1000,198,False
SKU02427,"Instant & Frozen Food","Soup - Knorr Hot & Sour",13986,13,12167,1000,89,False
SKU00259,"Fruits & Vegetables",Grapes - Green,17820,8,16394,250,146,False
SKU02775,"Bakery & Biscuits",Donut - Glazed,34415,35,22369,100,68,False
SKU01345,Beverages,Kinley Water 500ml,36055,3,34973,250,67,False
SKU01540,Beverages,Instant Coffee - Nescafe,46332,26,34285,250,0,True
SKU00126,"Fruits & Vegetables",Lemon,20287,12,17852,2000,154,False
SKU02847,"Bakery & Biscuits",Nan Khatai,13758,18,11281,150,190,False
SKU02838,"Bakery & Biscuits",Cake Rusk - Britannia,15396,15,13086,150,0,True
SKU01158,"Snacks & Munchies",Namkeen Mixture - Haldiram's,34509,9,31403,150,16,False
SKU02969,Baby Care,Cerelac - Wheat Apple,93474,34,61692,100,199,False
SKU00715,"Dairy & Bread",Cream Cheese,32477,3,31502,400,93,False
SKU01641,"Cleaning & Household",Scotch-Brite Scrub Pad,28724,25,21543,1000,18,False
SKU00417,"Fruits & Vegetables",Avocado,8790,34,5801,2000,77,False
SKU02764,"Bakery & Biscuits",Patties - Chicken,4409,24,3350,60,145,False
SKU02424,"Instant & Frozen Food","Soup - Knorr Hot & Sour",37278,39,22739,200,0,True
SKU01099,"Snacks & Munchies",Roasted Almonds - Salted,34414,16,28907,400,143,False
SKU00731,"Dairy & Bread",Whipped Cream,53768,13,46778,400,59,False
SKU01819,"Cleaning & Household",Bleach - Robin,19984,12,17585,2000,113,False
SKU03440,Pet Care,Pet Carrier - Small,149976,-3,113981,200,49,False
SKU00493,"Dairy & Bread",Amul Taaza Toned Milk,12788,29,9079,200,4,False
SKU02621,"Bakery & Biscuits",Britannia Cake - Chocolate,6540,,6343,60,85,False
SKU02868,"Bakery & Biscuits",Butter Cookies - Danish,26729,56,11760,150,104,False
SKU03053,Baby Care,MamyPoko Pants - M,186684,25,140013,200,135,False
SKU00233,"Fruits & Vegetables",Pomegranate,11036,17,9159,500,102,False
SKU02128,Personal Care,Perfume - Wild Stone,92017,7,85575,150,70,False
SKU01201,Beverages,Sprite 750ml,15791,18,12948,750,41,False
SKU02151,Personal Care,Sanitary Pads - Whisper,81154,34,53561,250,26,False
SKU02011,Personal Care,Nivea Body Lotion,33502,31,23116,500,171,False
SKU01980,Personal Care,Pantene Conditioner,86047,30,60232,150,45,False
SKU00181,"Fruits & Vegetables",Cauliflower,15954,17,13241,500,179,False
SKU00301,"Fruits & Vegetables","Bottle Gourd (Lauki)",19011,13,16539,250,116,False
SKU03382,Pet Care,Cat Toy - Mouse,99840,,88857,100,135,False
SKU01292,Beverages,Red Bull 250ml,1238,19,1002,250,9,False
SKU00561,"Dairy & Bread",Paneer - Fresh,8242,7,7665,100,180,False
SKU01071,"Snacks & Munchies",Bisk Farm Cream Cracker,20394,19,16519,90,171,False
SKU03399,Pet Care,Dog Toy - Ball,21042,0,21042,400,136,False
SKU00120,"Fruits & Vegetables",Cucumber,19213,26,14217,250,19,False
SKU01123,"Snacks & Munchies","Fox Nuts (Makhana)",7163,34,4727,30,0,True
SKU01277,Beverages,Paper Boat Aam Panna,49604,17,41171,1000,115,False
SKU00188,"Fruits & Vegetables","Spinach (Palak)",12516,20,10012,1500,125,False
SKU00739,"Dairy & Bread",Paneer - Malai,10790,16,9063,400,27,False
SKU02949,"Bakery & Biscuits",Cinnamon Roll,6082,0,6082,,72,False
SKU02135,Personal Care,Perfume - Wild Stone,0,11,0,100,0,True
SKU00375,"Fruits & Vegetables",Watermelon,3341,15,2839,1000,94,False
SKU01003,"Snacks & Munchies",Dark Fantasy,26806,7,24929,90,98,False
SKU02504,"Instant & Frozen Food",Idli Batter - iD,11170,15,9494,50,79,False
SKU01843,"Cleaning & Household",Dish Cloth - 3 Pack,32852,5,31209,400,0,True
SKU00747,"Dairy & Bread",Tofu - Firm,42830,6,40260,200,131,False
SKU01887,"Cleaning & Household",Glass Wiper,13988,26,10351,400,141,False
SKU01506,Beverages,Bournvita 500g,57958,53,27240,250,12,False
SKU01461,Beverages,Nimbu Pani - Concentrate,7117,20,5693,,189,False
SKU01949,Personal Care,"Head & Shoulders Shampoo",113807,0,113807,100,58,False
SKU02530,"Instant & Frozen Food",Frozen Samosa,2675,20,2140,400,119,False
SKU02505,"Instant & Frozen Food",Idli Batter - iD,43898,5,41703,200,45,False
SKU02258,Personal Care,Hair Gel - Set Wet,38896,23,29949,,94,False
SKU02515,"Instant & Frozen Food",Idli Batter - iD,45077,14,38766,70,33,False
SKU00043,"Fruits & Vegetables",Green Chilli,20142,8,18530,2000,176,False
SKU00824,"Dairy & Bread",Dahi - Set,3165,8,2911,500,143,False
SKU01705,"Cleaning & Household",Toilet Paper - 4 Pack,19065,0,19065,1000,6,False
SKU00253,"Fruits & Vegetables",Mango - Alphonso,12941,11,11517,1500,179,False
SKU00212,"Fruits & Vegetables",Sweet Corn,0,1,0,250,126,False
SKU02856,"Bakery & Biscuits",Cookies - Choco Chip,5639,31,3890,150,143,False
SKU01554,"Cleaning & Household",Vim Dishwash Gel - Lemon,26747,18,21932,2000,143,False
SKU00461,"Fruits & Vegetables",Radish,3496,24,2656,500,127,False
SKU02499,"Instant & Frozen Food",Dosa Batter - iD,38341,18,31439,500,74,False
SKU00623,"Dairy & Bread",Pav - Ladi,45609,31,31470,200,0,True
SKU02464,"Instant & Frozen Food",Cornflakes - Kellogg's,31963,31,22054,200,96,False
SKU03068,Baby Care,Baby Wipes - Johnson's,148179,6,139288,,0,True
SKU01188,Beverages,Pepsi 750ml,58612,6,55095,350,52,False
SKU00665,"Dairy & Bread",Hung Curd,49811,25,37358,500,132,False
SKU00479,"Fruits & Vegetables",Spring Onion,13703,21,10825,1000,55,False
SKU02516,"Instant & Frozen Food",Idli Batter - iD,11196,18,9180,400,151,False
SKU01877,"Cleaning & Household",Drain Cleaner,16088,23,12387,200,0,True
SKU03459,Pet Care,Flea Collar - Dog,74549,2,73058,100,75,False
SKU01800,"Cleaning & Household",Dustpan,24212,68,7747,,0,True
SKU01713,"Cleaning & Household",Room Freshener - Odonil,65551,41,38675,1000,122,False
SKU02826,"Bakery & Biscuits",Rusk - Premium,33845,4,32491,40,76,False
SKU00866,"Snacks & Munchies",Bingo Mad Angles,36982,5,35132,90,147,False
SKU02603,"Instant & Frozen Food",Instant Rice - Minute,6934,22,5408,140,122,False
SKU01771,"Cleaning & Household",Mop Refill,26817,32,18235,400,105,False
SKU00985,"Snacks & Munchies",Oreo - Original,15028,19,12172,90,0,True
SKU01072,"Snacks & Munchies",Bisk Farm Cream Cracker,38781,12,34127,90,69,False
SKU03227,Baby Care,Baby Towel,131450,21,103845,100,19,False
SKU01890,"Cleaning & Household",Glass Wiper,33407,64,12026,1000,50,False
SKU02600,"Instant & Frozen Food",Instant Rice - Minute,7596,13,6608,400,139,False
SKU01994,Personal Care,Hair Oil - Parachute Coconut,114502,31,79006,250,18,False
SKU01674,"Cleaning & Household",Aluminium Foil - 9m,41191,2,40367,,17,False
SKU03000,Baby Care,Lactogen 1,161995,13,140935,200,133,False
SKU00343,"Fruits & Vegetables",Curry Leaves,7084,48,3683,1000,0,True
SKU01269,Beverages,Tropicana Orange 1L,51011,19,41318,200,177,False
SKU01811,"Cleaning & Household",Fabric Softener - Comfort,57663,20,46130,,64,False
SKU00831,"Dairy & Bread",Milkshake - Chocolate,52805,19,42772,400,0,True
SKU03194,Baby Care,Teether,164939,58,69274,500,0,True
SKU00487,"Dairy & Bread",Amul Taaza Toned Milk,52124,18,42741,200,179,False
SKU02766,"Bakery & Biscuits",Patties - Chicken,2429,20,1943,40,134,False
SKU02158,Personal Care,Cotton Balls,42785,41,25243,100,0,True
SKU02784,"Bakery & Biscuits",Donut - Glazed,30661,19,24835,200,45,False
SKU03379,Pet Care,Cat Toy - Mouse,68259,7,63480,3000,62,False
SKU02823,"Bakery & Biscuits",Rusk - Premium,12075,30,8452,60,140,False
SKU00636,"Dairy & Bread",Amul Cream - Fresh,22923,36,14670,1000,0,True
SKU01436,Beverages,Lassi - Sweet,44254,0,44254,1000,180,False
SKU00290,"Fruits & Vegetables",Peas - Green,6294,64,2265,1500,182,False
SKU01310,Beverages,Monster Energy 350ml,20295,9,18468,350,190,False
SKU01647,"Cleaning & Household",Scotch-Brite Scrub Pad,75639,1,74882,200,43,False
SKU00935,"Snacks & Munchies",Too Yumm Multigrain,23252,22,18136,90,75,False
SKU01499,Beverages,Bournvita 500g,2930,22,2285,750,46,False
SKU02626,"Bakery & Biscuits",Britannia Cake - Chocolate,13092,25,9819,40,60,False
SKU01309,Beverages,Monster Energy 350ml,3575,25,2681,250,48,False
SKU03343,Pet Care,Cat Shampoo,40689,0,40689,1000,139,False
SKU00297,"Fruits & Vegetables","Bottle Gourd (Lauki)",23565,24,17909,500,0,True
SKU01106,"Snacks & Munchies",Cashew Nuts - W320,15139,33,10143,30,133,False
SKU00730,"Dairy & Bread",Whipped Cream,20105,26,14877,1000,0,True
SKU01680,"Cleaning & Household",Cling Wrap,71190,22,55528,750,8,False
SKU00235,"Fruits & Vegetables",Pomegranate,5256,34,3468,500,35,False
SKU03005,Baby Care,Nan Pro 2,171989,20,137591,300,0,True
SKU01777,"Cleaning & Household",Broom - Grass,16645,,13815,400,89,False
SKU02344,"Instant & Frozen Food",Haldiram's Frozen Paratha,21495,6,20205,70,0,True
SKU01627,"Cleaning & Household",Domex Toilet Cleaner,17672,21,13960,2000,71,False
SKU02668,"Bakery & Biscuits",Muffin - Blueberry,12676,49,6464,60,0,True
SKU01670,"Cleaning & Household",Aluminium Foil - 9m,42121,60,16848,200,193,False
SKU01552,"Cleaning & Household",Vim Dishwash Gel - Lemon,45878,60,18351,2000,75,False
SKU02261,Personal Care,Hair Gel - Set Wet,41385,36,26486,500,17,False
SKU02896,"Bakery & Biscuits",Biscotti,15495,33,10381,150,13,False
SKU02883,"Bakery & Biscuits",Wafer - Chocolate,15813,40,9487,150,93,False
SKU01488,Beverages,Horlicks 500g,4407,23,3393,250,166,False
SKU00848,"Snacks & Munchies",Lay's Classic Salted,14046,23,10815,150,60,False
SKU02293,"Instant & Frozen Food",Yippee Noodles - Classic,27981,17,23224,400,58,False
SKU03223,Baby Care,Baby Towel,63028,35,40968,100,0,True
SKU00959,"Snacks & Munchies",Monaco Biscuit,26868,9,24449,200,145,False
SKU02387,"Instant & Frozen Food",Frozen Chicken Nuggets,42499,28,30599,70,0,True
SKU00714,"Dairy & Bread",Cream Cheese,29318,10,26386,400,0,True
SKU02751,"Bakery & Biscuits",Cream Roll,8464,9,7702,100,16,False
SKU00875,"Snacks & Munchies",Bingo Mad Angles,25067,0,25067,30,48,False
SKU01531,Beverages,Electral Powder,30067,62,11425,250,165,False
SKU00130,"Fruits & Vegetables",Ginger,22214,42,12884,2000,175,False
SKU03373,Pet Care,Dog Leash,102635,,71844,200,170,False
SKU02008,Personal Care,Nivea Body Lotion,95898,5,91103,75,129,False
SKU01023,"Snacks & Munchies",Jim Jam Biscuit,14696,0,14696,400,68,False
SKU02352,"Instant & Frozen Food",McCain French Fries,3434,15,2918,,97,False
SKU00657,"Dairy & Bread",Hung Curd,3704,8,3407,1000,0,True
SKU00220,"Fruits & Vegetables",Sweet Corn,14128,22,11019,500,61,False
SKU01434,Beverages,Kombucha - Bombucha,28420,32,19325,750,13,False
SKU01439,Beverages,Lassi - Sweet,29013,34,19148,1000,0,True
SKU01420,Beverages,Coconut Water - Raw Pressery,52531,12,46227,250,76,False
SKU00990,"Snacks & Munchies",Bourbon Biscuit,14882,20,11905,30,15,False
SKU00500,"Dairy & Bread",Mother Dairy Full Cream Milk,51945,46,28050,500,172,False
SKU01129,"Snacks & Munchies",Protein Bar - Yoga Bar,11937,27,8714,400,42,False
SKU02936,"Bakery & Biscuits",Cinnamon Roll,10219,30,7153,40,0,True
SKU01004,"Snacks & Munchies",Dark Fantasy,23804,22,18567,90,80,False
SKU00107,"Fruits & Vegetables","Ladies Finger (Bhindi)",19514,21,15416,1000,0,True
SKU00637,"Dairy & Bread",Amul Cream - Fresh,27629,34,18235,500,146,False
SKU03170,Baby Care,Baby Feeding Bottle,185275,32,125986,200,0,True
SKU02017,Personal Care,Vaseline Intensive Care,105060,3,101908,50,91,False
SKU02495,"Instant & Frozen Food",Dosa Batter - iD,12891,35,8379,1000,106,False
SKU01247,Beverages,Real Juice - Mixed Fruit,19711,31,13600,500,0,True
SKU01192,Beverages,Pepsi 750ml,10320,31,7120,350,23,False
SKU01246,Beverages,Maaza Mango 600ml,51328,17,42602,750,119,False
SKU00404,"Fruits & Vegetables",Kiwi - Green,7857,27,5735,500,0,True
SKU02247,Personal Care,Talcum Powder - Ponds,41884,,32669,500,12,False
SKU02418,"Instant & Frozen Food",Instant Pasta - Knorr,9792,26,7246,400,100,False
SKU01895,"Cleaning & Household",Glass Wiper,69585,33,46621,400,0,True
SKU02793,"Bakery & Biscuits",Cup Cake - Vanilla,23608,26,17469,100,193,False
SKU03153,Baby Care,Gripe Water - Woodward's,44364,0,44364,100,0,True
SKU01952,Personal Care,"Head & Shoulders Shampoo",49091,52,23563,150,49,False
SKU02782,"Bakery & Biscuits",Donut - Glazed,26722,25,20041,100,0,True
SKU01094,"Snacks & Munchies",Roasted Almonds - Salted,8100,4,7776,400,189,False
SKU03473,Pet Care,Tick Spray,140526,0,140526,1000,180,False
SKU02115,Personal Care,Gillette Shaving Foam,83504,3,80998,500,172,False
SKU00986,"Snacks & Munchies",Oreo - Original,28831,7,26812,150,22,False
SKU02304,"Instant & Frozen Food",Top Ramen - Curry,34661,0,34661,1000,137,False
SKU00319,"Fruits & Vegetables",Drumstick,6863,19,5559,2000,180,False
SKU03039,Baby Care,Huggies Diapers - S,90737,18,74404,500,136,False
SKU00555,"Dairy & Bread",Paneer - Fresh,10887,40,6532,500,90,False
SKU01835,"Cleaning & Household",Steel Wool,28330,2,27763,750,110,False
SKU00261,"Fruits & Vegetables",Grapes - Green,7736,12,6807,1000,10,False
SKU02225,Personal Care,Body Wash - Dove,46168,30,32317,50,10,False
SKU02413,"Instant & Frozen Food",Instant Pasta - Knorr,3143,21,2482,140,181,False
SKU00889,"Snacks & Munchies",Haldiram's Aloo Bhujia,24833,0,24833,50,193,False
SKU02988,Baby Care,Lactogen 1,153508,,115131,500,79,False
SKU01492,Beverages,Horlicks 500g,33366,6,31364,500,0,True
SKU00923,"Snacks & Munchies",Cornitos Nachos,15710,13,13667,150,57,False
SKU01529,Beverages,Electral Powder,30772,48,16001,250,145,False
SKU02260,Personal Care,Hair Gel - Set Wet,87045,5,82692,75,36,False
SKU02174,Personal Care,Ear Buds,98730,34,65161,,0,True
SKU02305,"Instant & Frozen Food",Top Ramen - Curry,6695,6,6293,400,131,False
SKU03439,Pet Care,Pet Carrier - Small,67240,18,55136,500,155,False
SKU00534,"Dairy & Bread",Britannia Cheese Slices,8417,39,5134,,15,False
SKU03333,Pet Care,Dog Shampoo,100593,6,94557,1000,0,True
SKU03406,Pet Care,Fish Food - Taiyo,137582,25,103186,500,60,False
SKU01676,"Cleaning & Household",Aluminium Foil - 9m,53182,15,45204,1000,79,False
SKU03387,Pet Care,Cat Toy - Mouse,79815,11,71035,400,179,False
SKU01528,Beverages,Electral Powder,14153,2,13869,200,89,False
SKU03116,Baby Care,Baby Lotion - Himalaya,114121,70,34236,200,18,False
SKU03353,Pet Care,Dog Biscuit - Milk Bone,22055,21,17423,400,0,True
SKU01478,Beverages,Protein Shake - MuscleBlaze,40643,18,33327,500,133,False
SKU02394,"Instant & Frozen Food",Frozen Fish Fingers,31659,48,16462,1000,58,False
SKU00822,"Dairy & Bread",Dahi - Set,2193,5,2083,500,173,False
SKU03410,Pet Care,Fish Food - Taiyo,66904,29,47501,200,0,True
SKU01708,"Cleaning & Household",Room Freshener - Odonil,42499,18,34849,1000,16,False
SKU01759,"Cleaning & Household",Sanitizer - Lifebuoy,49300,10,44370,1000,0,True
SKU03294,Pet Care,Royal Canin - Maxi Adult,87366,,44556,1000,73,False
SKU02188,Personal Care,Wet Wipes - Himalaya,108490,33,72688,50,0,True
SKU03401,Pet Care,Dog Toy - Ball,101045,24,76794,100,92,False
SKU01917,Personal Care,Sensodyne Rapid Relief,81988,10,73789,200,19,False
SKU00994,"Snacks & Munchies",Bourbon Biscuit,38999,12,34319,30,134,False
SKU01093,"Snacks & Munchies",Roasted Almonds - Salted,2427,7,2257,30,116,False
SKU00952,"Snacks & Munchies",Parle Rusk,28881,9,26281,90,0,True
SKU03252,Pet Care,Pedigree Dog Food - Veg,64311,14,55307,500,200,False
SKU03381,Pet Care,Cat Toy - Mouse,111212,52,53381,100,0,True
SKU01493,Beverages,Horlicks 500g,5653,30,3957,500,102,False
SKU01881,"Cleaning & Household",Drain Cleaner,55307,0,55307,1000,166,False
SKU02612,"Instant & Frozen Food",Frozen Momos - Wo Momo,22366,19,18116,70,0,True
SKU02672,"Bakery & Biscuits",Muffin - Blueberry,8675,,7807,60,10,False
SKU03326,Pet Care,Cat Litter - Clumping,34174,34,22554,,68,False
SKU00626,"Dairy & Bread",Milk Bread,20637,10,18573,,184,False
SKU01716,"Cleaning & Household",Mosquito Repellent - Good Knight,54380,26,40241,1000,103,False
SKU02731,"Bakery & Biscuits",Bun - Sweet,29178,35,18965,60,0,True
SKU02858,"Bakery & Biscuits",Cookies - Choco Chip,24566,28,17687,150,20,False
SKU01195,Beverages,Pepsi 750ml,46339,5,44022,200,82,False
SKU00861,"Snacks & Munchies",Kurkure Masala Munch,12720,19,10303,150,166,False
SKU01026,"Snacks & Munchies",Nutri Choice Digestive,38259,17,31754,30,15,False
SKU02039,Personal Care,Garnier Face Wash - Men,115267,56,50717,100,0,True
SKU00945,"Snacks & Munchies",Bikaji Bhujia Sev,21641,29,15365,30,108,False
SKU02628,"Bakery & Biscuits",Britannia Cake - Chocolate,16451,3,15957,150,85,False
SKU02141,Personal Care,Sanitary Pads - Whisper,98174,17,81484,200,196,False
SKU02053,Personal Care,Sunscreen - Lakme SPF50,82608,26,61129,100,192,False
SKU02214,Personal Care,Face Cream - Olay,44255,31,30535,,128,False
SKU03346,Pet Care,Cat Shampoo,62565,14,53805,1000,70,False
SKU02758,"Bakery & Biscuits",Puff - Veg,27440,10,24696,200,138,False
SKU02502,"Instant & Frozen Food",Idli Batter - iD,34709,45,19089,70,166,False
SKU01270,Beverages,Tropicana Orange 1L,11786,11,10489,200,153,False
SKU00883,"Snacks & Munchies",Haldiram's Aloo Bhujia,29270,10,26343,,0,True
SKU00452,"Fruits & Vegetables",Sweet Potato,24092,32,16382,250,0,True
SKU03093,Baby Care,Baby Oil - Johnson's,40501,9,36855,200,153,False
SKU01553,"Cleaning & Household",Vim Dishwash Gel - Lemon,73753,4,70802,400,6,False
SKU01849,"Cleaning & Household",Naphthalene Balls,78467,,65127,200,128,False
SKU01828,"Cleaning & Household",Steel Wool,42518,2,41667,1000,118,False
SKU00904,"Snacks & Munchies",Doritos Nacho Cheese,30206,31,20842,400,17,False
SKU00808,"Dairy & Bread",Shrikhand - Kesar,16477,55,7414,200,0,True
SKU03221,Baby Care,Baby Towel,159036,13,138361,200,81,False
SKU00784,"Dairy & Bread","Ghee - Amul (500ml)",50350,30,35245,100,70,False
SKU02082,Personal Care,Lifebuoy Handwash Refill,98379,55,44270,75,156,False
SKU00608,"Dairy & Bread","Bread - Brown (Harvest Gold)",48366,52,23215,1000,128,False
SKU01906,Personal Care,Colgate MaxFresh Toothpaste,59590,20,47672,50,0,True
SKU00766,"Dairy & Bread",Condensed Milk - Milkmaid,18549,29,13169,200,0,True
SKU01279,Beverages,Paper Boat Aam Panna,23317,0,23317,200,197,False
SKU00313,"Fruits & Vegetables",Ridge Gourd,11420,13,9935,1000,199,False
SKU00812,"Dairy & Bread",Dahi - Set,18686,,15696,500,0,True
SKU02712,"Bakery & Biscuits",Pizza Base,27052,11,24076,60,0,True
SKU02983,Baby Care,Cerelac - Rice,11842,26,8763,200,29,False
SKU01567,"Cleaning & Household",Harpic Toilet Cleaner,41874,33,28055,200,37,False
SKU01799,"Cleaning & Household",Dustpan,15443,13,13435,2000,166,False
SKU02170,Personal Care,Ear Buds,26594,-9,26328,200,4,False
SKU00138,"Fruits & Vegetables",Garlic,11566,10,10409,,0,True
SKU00663,"Dairy & Bread",Hung Curd,16750,2,16415,200,199,False
SKU02047,Personal Care,Garnier Face Wash - Men,85089,31,58711,500,48,False
SKU02517,"Instant & Frozen Food",Frozen Samosa,43512,33,29153,400,40,False
SKU02390,"Instant & Frozen Food",Frozen Chicken Nuggets,32958,5,31310,70,111,False
SKU02417,"Instant & Frozen Food",Instant Pasta - Knorr,1775,37,1118,50,63,False
SKU03257,Pet Care,Pedigree Dog Food - Veg,87878,32,59757,,93,False
SKU00880,"Snacks & Munchies",Haldiram's Aloo Bhujia,37707,14,32428,50,163,False
SKU03162,Baby Care,Baby Feeding Bottle,13859,23,10671,500,33,False
SKU01302,Beverages,Monster Energy 350ml,1498,3,1453,500,0,True
SKU01375,Beverages,Chamomile Tea - Twinings,6692,10,6022,250,0,True
SKU03193,Baby Care,Teether,158668,10,142801,300,105,False
SKU00099,"Fruits & Vegetables",Capsicum - Green,10437,39,6366,2000,188,False
SKU02176,Personal Care,Ear Buds,96593,1,95627,50,200,False
SKU02755,"Bakery & Biscuits",Puff - Veg,18628,64,6706,150,144,False
SKU03244,Pet Care,Pedigree Dog Food - Chicken,133703,27,97603,1000,0,True
SKU00550,"Dairy & Bread","Curd - Plain (400g)",8762,19,7097,100,139,False
SKU02795,"Bakery & Biscuits",Cup Cake - Vanilla,7966,66,2708,,0,True
SKU01444,Beverages,Lassi - Sweet,57996,1,57416,1000,181,False
SKU02660,"Bakery & Biscuits",Treat Croissant - Chocolate,30937,22,24130,150,66,False
SKU01856,"Cleaning & Household",Naphthalene Balls,33669,20,26935,1000,10,False
SKU02133,Personal Care,Perfume - Wild Stone,69139,3,67064,500,51,False
SKU00221,"Fruits & Vegetables",Tender Coconut,5470,24,4157,1500,166,False
SKU03103,Baby Care,Baby Powder - Johnson's,188217,16,158102,400,15,False
SKU00905,"Snacks & Munchies",Doritos Nacho Cheese,30161,2,29557,200,163,False
SKU02857,"Bakery & Biscuits",Cookies - Choco Chip,9274,18,7604,40,0,True
SKU03217,Baby Care,Baby Bib,179227,7,166681,500,177,False
SKU03340,Pet Care,Cat Shampoo,30006,8,27605,400,0,True
SKU02296,"Instant & Frozen Food",Top Ramen - Curry,11763,16,9880,400,77,False
SKU00619,"Dairy & Bread",Pav - Ladi,48357,28,34817,100,0,True
SKU03475,Pet Care,Tick Spray,88577,29,62889,500,0,True
SKU01975,Personal Care,Pantene Conditioner,18125,,14137,150,6,False
SKU01427,Beverages,Kombucha - Bombucha,59255,9,53922,500,0,True
SKU00345,"Fruits & Vegetables",Curry Leaves,3335,29,2367,1500,130,False
SKU00431,"Fruits & Vegetables",Dragon Fruit,14634,12,12877,1000,153,False
SKU01570,"Cleaning & Household",Harpic Toilet Cleaner,30949,,30330,400,70,False
SKU00829,"Dairy & Bread",Milkshake - Chocolate,40078,4,38474,500,16,False
SKU02601,"Instant & Frozen Food",Instant Rice - Minute,16574,2,16242,50,53,False
SKU01313,Beverages,Monster Energy 350ml,24382,3,23650,750,19,False
SKU02531,"Instant & Frozen Food",Frozen Spring Roll,39049,8,35925,50,32,False
SKU02190,Personal Care,Wet Wipes - Himalaya,41063,14,35314,75,54,False
SKU02608,"Instant & Frozen Food",Frozen Momos - Wo Momo,40895,6,38441,50,2,False
SKU01138,"Snacks & Munchies",Granola Bar - Nature Valley,15423,12,13572,200,112,False
SKU00887,"Snacks & Munchies",Haldiram's Aloo Bhujia,17815,,13717,,0,True
SKU03023,Baby Care,Pampers Diapers - M,149236,22,116404,200,117,False
SKU00699,"Dairy & Bread","Lassi - Mango (Amul)",32773,35,21302,1000,169,False
SKU00937,"Snacks & Munchies",Too Yumm Multigrain,5013,29,3559,150,36,False
SKU01859,"Cleaning & Household",Rat Trap - Glue,45648,11,40626,1000,89,False
SKU02263,Personal Care,Nail Cutter,79461,15,67541,500,110,False
SKU00283,"Fruits & Vegetables",Mushroom - Button,8060,16,6770,2000,101,False
SKU01185,Beverages,Pepsi 750ml,35895,12,31587,750,160,False
SKU02310,"Instant & Frozen Food",Cup Noodles - Masala,9433,10,8489,70,50,False
SKU00411,"Fruits & Vegetables",Kiwi - Green,3502,0,3502,250,30,False
SKU00179,"Fruits & Vegetables",Cauliflower,13826,62,5253,,0,True
SKU02701,"Bakery & Biscuits",Garlic Bread - Frozen,3447,35,2240,40,0,True
SKU00185,"Fruits & Vegetables",Cauliflower,14110,11,12557,1500,0,True
SKU02079,Personal Care,Dove Beauty Bar,44051,,36562,100,15,False
SKU02050,Personal Care,Sunscreen - Lakme SPF50,71738,35,46629,100,76,False
SKU01447,Beverages,Lassi - Sweet,11147,17,9252,1000,67,False
SKU00899,"Snacks & Munchies",Doritos Nacho Cheese,26390,13,22959,400,6,False
SKU01663,"Cleaning & Household",Garbage Bags - Large,30288,17,25139,2000,0,True
SKU02381,"Instant & Frozen Food",Frozen Mixed Vegetables,1319,16,1107,1000,123,False
SKU03254,Pet Care,Pedigree Dog Food - Veg,108628,31,74953,500,133,False
SKU02014,Personal Care,Vaseline Intensive Care,31973,32,21741,75,40,False
SKU00679,"Dairy & Bread",Flavoured Yogurt - Strawberry,49211,54,22637,500,0,True
SKU01634,"Cleaning & Household",Domex Toilet Cleaner,41626,40,24975,200,51,False
SKU00572,"Dairy & Bread",Amul Masti Buttermilk,36804,21,29075,1000,30,False
SKU02065,Personal Care,Dettol Soap - 125g,50295,,40738,,166,False
SKU01410,Beverages,Coconut Water - Raw Pressery,0,27,0,250,194,False
SKU02027,Personal Care,Ponds Face Wash,23605,28,16995,150,199,False
SKU00059,"Fruits & Vegetables",Banana - Robusta,24963,30,17474,2000,18,False
SKU00654,"Dairy & Bread",Cheese Spread - Amul,27020,43,15401,100,131,False
SKU03047,Baby Care,MamyPoko Pants - M,151189,7,140605,200,83,False
SKU03159,Baby Care,Gripe Water - Woodward's,199239,15,169353,200,0,True
SKU00158,"Fruits & Vegetables",Beetroot,3434,26,2541,1500,51,False
SKU02483,"Instant & Frozen Food",Upma Mix - MTR,43874,24,33344,1000,9,False
SKU02974,Baby Care,Cerelac - Wheat Apple,184440,17,153085,400,88,False
SKU01743,"Cleaning & Household",Phenyl - White,17478,64,6292,400,185,False
SKU00777,"Dairy & Bread","Ghee - Amul (500ml)",24264,1,24021,400,180,False
SKU02291,"Instant & Frozen Food",Yippee Noodles - Classic,46044,41,27165,400,197,False
SKU00422,"Fruits & Vegetables",Avocado,14223,30,9956,1500,29,False
SKU00392,"Fruits & Vegetables",Guava,2176,30,1523,500,56,False
SKU00377,"Fruits & Vegetables",Watermelon,5484,5,5209,1000,98,False
SKU00909,"Snacks & Munchies",Act II Popcorn - Butter,38244,28,27535,400,118,False
SKU00886,"Snacks & Munchies",Haldiram's Aloo Bhujia,6658,29,4727,90,47,False
SKU02250,Personal Care,Talcum Powder - Ponds,79941,5,75943,200,37,False
SKU01445,Beverages,Lassi - Sweet,17170,13,14937,750,4,False
SKU03088,Baby Care,Baby Shampoo - Johnson's,136881,0,136881,300,77,False
SKU00299,"Fruits & Vegetables","Bottle Gourd (Lauki)",24500,57,10535,1000,0,True
SKU03283,Pet Care,Whiskas Cat Food - Chicken,75109,26,55580,100,65,False
SKU01863,"Cleaning & Household",Rat Trap - Glue,56526,14,48612,500,101,False
SKU01624,"Cleaning & Household",Colin Glass Cleaner,66351,27,48436,400,89,False
SKU01308,Beverages,Monster Energy 350ml,20523,25,15392,750,99,False
SKU01898,"Cleaning & Household",Glass Wiper,27684,32,18825,2000,110,False
SKU02923,"Bakery & Biscuits",Focaccia Bread,29953,30,20967,,198,False
SKU01803,"Cleaning & Household",Fabric Softener - Comfort,27186,30,19030,,99,False
SKU02185,Personal Care,Wet Wipes - Himalaya,23112,0,23112,250,51,False
SKU02467,"Instant & Frozen Food",Cornflakes - Kellogg's,11126,,9234,400,89,False
SKU00527,"Dairy & Bread",Britannia Cheese Slices,33538,67,11067,400,0,True
SKU02134,Personal Care,Perfume - Wild Stone,78240,19,63374,200,159,False
SKU01316,Beverages,Sting Energy Drink,54939,25,41204,350,119,False
SKU00644,"Dairy & Bread",Cheese Spread - Amul,25609,35,16645,1000,49,False
SKU00082,"Fruits & Vegetables",Apple - Shimla,1638,9,1490,250,37,False
SKU00692,"Dairy & Bread",Flavoured Yogurt - Mango,50505,19,40909,,160,False
SKU00410,"Fruits & Vegetables",Kiwi - Green,21336,59,8747,1000,0,True
SKU00312,"Fruits & Vegetables",Ridge Gourd,2592,26,1918,500,191,False
SKU00521,"Dairy & Bread",Amul Butter - 100g,7861,16,6603,200,169,False
SKU00048,"Fruits & Vegetables",Coriander Leaves,24271,1,24028,500,17,False
SKU02092,Personal Care,Lifebuoy Handwash Refill,73970,13,64353,250,94,False
SKU02699,"Bakery & Biscuits",Garlic Bread - Frozen,25984,27,18968,300,182,False
SKU01215,Beverages,Thums Up 750ml,0,15,0,250,164,False
SKU01565,"Cleaning & Household",Lizol Floor Cleaner - Citrus,18701,42,10846,200,0,True
SKU00962,"Snacks & Munchies",Monaco Biscuit,17003,7,15812,150,57,False
SKU02539,"Instant & Frozen Food",Chapati - Ready to Eat,19526,10,17573,400,182,False
SKU02804,"Bakery & Biscuits",Swiss Roll,2023,23,1557,300,111,False
SKU01502,Beverages,Bournvita 500g,33941,24,25795,200,98,False
SKU02558,"Instant & Frozen Food",Roti - Multigrain,9896,0,9896,1000,101,False
SKU01794,"Cleaning & Household",Dustpan,18414,28,13258,400,142,False
SKU02966,Baby Care,Cerelac - Wheat Apple,35214,50,17607,400,74,False
SKU02543,"Instant & Frozen Food",Chapati - Ready to Eat,45475,30,31832,50,0,True
SKU00913,"Snacks & Munchies",Act II Popcorn - Butter,29141,64,10490,90,0,True
SKU02425,"Instant & Frozen Food","Soup - Knorr Hot & Sour",5953,46,3214,500,0,True
SKU00357,"Fruits & Vegetables",Curry Leaves,15910,,15910,1000,166,False
SKU01764,"Cleaning & Household",Sanitizer - Lifebuoy,37890,9,34479,750,98,False
SKU02799,"Bakery & Biscuits",Swiss Roll,4740,5,4503,40,149,False
SKU01374,Beverages,Green Tea - Lipton,53289,8,49025,750,28,False
SKU01125,"Snacks & Munchies",Protein Bar - Yoga Bar,11491,66,3906,,0,True
SKU00728,"Dairy & Bread",Whipped Cream,52387,68,16763,,0,True
SKU01196,Beverages,Pepsi 750ml,39658,24,30140,500,137,False
SKU01143,"Snacks & Munchies",Peanut Butter Cups,29846,12,26264,400,0,True
SKU00573,"Dairy & Bread",Amul Masti Buttermilk,45414,55,20436,100,28,False
SKU03013,Baby Care,Pampers Diapers - S,181429,12,159657,200,169,False
SKU03465,Pet Care,Tick Spray,109633,66,37275,500,150,False
SKU01160,"Snacks & Munchies",Namkeen Mixture - Haldiram's,13051,0,13051,,54,False
SKU02638,"Bakery & Biscuits",Parle-G Biscuit,23097,23,17784,,2,False
SKU01516,Beverages,Glucon-D Orange,1944,46,1049,350,0,True
SKU00821,"Dairy & Bread",Dahi - Set,49304,25,36978,500,198,False
SKU00501,"Dairy & Bread",Mother Dairy Full Cream Milk,27236,6,25601,400,0,True
SKU00915,"Snacks & Munchies",Act II Popcorn - Butter,17200,28,12384,50,0,True
SKU01720,"Cleaning & Household",Mosquito Repellent - Good Knight,47560,52,22828,200,0,True
SKU00474,"Fruits & Vegetables",Spring Onion,16809,30,11766,1500,43,False
SKU02262,Personal Care,Hair Gel - Set Wet,90194,16,75762,150,127,False
SKU01110,"Snacks & Munchies",Cashew Nuts - W320,6254,14,5378,30,68,False
SKU00195,"Fruits & Vegetables","Spinach (Palak)",12187,25,9140,1500,0,True
SKU00135,"Fruits & Vegetables",Ginger,0,34,0,250,63,False
SKU02934,"Bakery & Biscuits",Bagel - Plain,2544,1,2518,100,74,False
SKU00940,"Snacks & Munchies",Bikaji Bhujia Sev,16786,30,11750,150,65,False
SKU03066,Baby Care,MamyPoko Pants - L,59310,40,35586,500,64,False
SKU02323,"Instant & Frozen Food",MTR Ready-to-Eat Rajma,29700,16,24948,200,200,False
SKU02362,"Instant & Frozen Food",Frozen Peas - Safal,25014,26,18510,400,44,False
SKU00380,"Fruits & Vegetables",Watermelon,7535,1,7459,2000,184,False
SKU02259,Personal Care,Hair Gel - Set Wet,91257,49,46541,50,0,True
SKU01550,"Cleaning & Household",Vim Dishwash Gel - Lemon,27435,21,21673,200,0,True
SKU00964,"Snacks & Munchies",Monaco Biscuit,31532,6,29640,400,191,False
SKU00557,"Dairy & Bread",Paneer - Fresh,23284,29,16531,500,89,False
SKU01295,Beverages,Red Bull 250ml,16032,19,12985,350,15,False
SKU02043,Personal Care,Garnier Face Wash - Men,96402,37,60733,500,140,False
SKU01577,"Cleaning & Household",Harpic Toilet Cleaner,28072,31,19369,750,0,True
SKU03177,Baby Care,Sippy Cup,49669,47,26324,500,0,True
SKU01909,Personal Care,Colgate MaxFresh Toothpaste,29904,25,22428,250,176,False
SKU01678,"Cleaning & Household",Cling Wrap,0,4,0,400,69,False
SKU02981,Baby Care,Cerelac - Rice,33679,10,30311,300,66,False
SKU01031,"Snacks & Munchies",Nutri Choice Digestive,4588,19,3716,400,194,False
SKU03446,Pet Care,Pet Carrier - Small,131056,0,131056,400,172,False
SKU02457,"Instant & Frozen Food",Muesli - Bagrry's,12578,1,12452,1000,101,False
SKU02679,"Bakery & Biscuits",Muffin - Blueberry,25751,7,23948,200,78,False
SKU00475,"Fruits & Vegetables",Spring Onion,11185,30,7829,1500,121,False
SKU03377,Pet Care,Dog Leash,73436,30,51405,200,66,False
SKU02800,"Bakery & Biscuits",Swiss Roll,15981,16,13424,100,94,False
SKU03409,Pet Care,Fish Food - Taiyo,101317,19,82066,3000,20,False
SKU02371,"Instant & Frozen Food",Frozen Peas - Safal,23227,66,7897,400,158,False
SKU03445,Pet Care,Pet Carrier - Small,32784,34,21637,500,150,False
SKU00865,"Snacks & Munchies",Bingo Mad Angles,10118,31,6981,30,0,True
SKU01304,Beverages,Monster Energy 350ml,40554,27,29604,250,0,True
SKU01896,"Cleaning & Household",Glass Wiper,8854,30,6197,500,141,False
SKU02028,Personal Care,Ponds Face Wash,25699,28,18503,250,0,True
SKU01607,"Cleaning & Household",Tide Detergent Powder,71826,26,53151,750,22,False
SKU00327,"Fruits & Vegetables",Drumstick,8609,67,2840,500,175,False
SKU02604,"Instant & Frozen Food",Instant Rice - Minute,19417,11,17281,50,117,False
SKU00785,"Dairy & Bread","Ghee - Amul (500ml)",45694,23,35184,1000,112,False
SKU02644,"Bakery & Biscuits",Parle-G Biscuit,13907,34,9178,100,0,True
SKU00051,"Fruits & Vegetables",Coriander Leaves,3995,15,3395,1000,194,False
SKU02728,"Bakery & Biscuits",Bun - Sweet,26111,21,20627,60,180,False
SKU01729,"Cleaning & Household",Hit Cockroach Spray,9163,29,6505,400,148,False
SKU02441,"Instant & Frozen Food",Oats - Quaker,21672,13,18854,1000,30,False
SKU00317,"Fruits & Vegetables",Drumstick,20389,33,13660,1000,149,False
SKU00775,"Dairy & Bread","Ghee - Amul (500ml)",44340,18,36358,200,0,True
SKU03107,Baby Care,Baby Powder - Johnson's,55514,32,37749,400,52,False
SKU00032,"Fruits & Vegetables",Potato,3746,18,3071,2000,58,False
SKU00473,"Fruits & Vegetables",Spring Onion,5931,63,2194,1000,62,False
SKU01164,"Snacks & Munchies",Mathri,10188,,6622,400,0,True
SKU00973,"Snacks & Munchies","Hide & Seek",28856,31,19910,200,0,True
SKU02149,Personal Care,Sanitary Pads - Whisper,22120,12,19465,250,0,True
SKU00721,"Dairy & Bread",Whipped Cream,35301,28,25416,1000,114,False
SKU01449,Beverages,Jaljeera Drink,30862,21,24380,200,0,True
SKU00553,"Dairy & Bread","Curd - Plain (400g)",29187,16,24517,500,125,False
SKU02184,Personal Care,Wet Wipes - Himalaya,62042,6,58319,500,19,False
SKU00970,"Snacks & Munchies","Hide & Seek",33673,5,31989,50,61,False
SKU02255,Personal Care,Hair Gel - Set Wet,113345,6,106544,100,113,False
SKU03140,Baby Care,Baby Soap - Dove,108472,22,84608,500,80,False
SKU03076,Baby Care,Baby Wipes - Johnson's,37761,16,31719,500,167,False
SKU02961,"Bakery & Biscuits",Eclair - Chocolate,5477,21,4326,,35,False
SKU02648,"Bakery & Biscuits",Tiger Glucose Biscuit,20519,25,15389,40,116,False
SKU00176,"Fruits & Vegetables",Cauliflower,7558,20,6046,1000,52,False
SKU03454,Pet Care,Flea Collar - Dog,45454,49,23181,1000,9,False
SKU01264,Beverages,Tropicana Orange 1L,8728,0,8728,200,192,False
SKU01352,Beverages,Tonic Water - Schweppes,50820,20,40656,750,135,False
SKU02689,"Bakery & Biscuits",Brownie - Chocolate,24286,9,22100,40,76,False
SKU00140,"Fruits & Vegetables",Garlic,18959,49,9669,2000,0,True
SKU00504,"Dairy & Bread",Mother Dairy Full Cream Milk,4020,29,2854,200,38,False
SKU02705,"Bakery & Biscuits",Garlic Bread - Frozen,31458,31,21706,300,0,True
SKU00199,"Fruits & Vegetables","Spinach (Palak)",23933,34,15795,2000,171,False
SKU00841,"Dairy & Bread",Milkshake - Chocolate,44198,14,38010,200,43,False
SKU02229,Personal Care,Body Wash - Dove,111540,0,111540,100,0,True
SKU01855,"Cleaning & Household",Naphthalene Balls,38483,,37328,200,41,False
SKU00366,"Fruits & Vegetables",Watermelon,2219,,1753,250,26,False
SKU00897,"Snacks & Munchies",Pringles Original,38375,1,37991,30,165,False
SKU03418,Pet Care,Bird Seed Mix,147151,0,147151,1000,120,False
SKU01611,"Cleaning & Household",Colin Glass Cleaner,67952,45,37373,400,0,True
SKU00646,"Dairy & Bread",Cheese Spread - Amul,16432,,12816,500,117,False
SKU02010,Personal Care,Nivea Body Lotion,80422,1,79617,75,191,False
SKU01574,"Cleaning & Household",Harpic Toilet Cleaner,45351,38,28117,,48,False
SKU00045,"Fruits & Vegetables",Green Chilli,24365,7,22659,1000,25,False
SKU00597,"Dairy & Bread","Bread - White (Britannia)",53530,26,39612,400,0,True
SKU01834,"Cleaning & Household",Steel Wool,3596,60,1438,750,0,True
SKU01380,Beverages,Chamomile Tea - Twinings,40030,7,37227,1000,198,False
SKU02895,"Bakery & Biscuits",Biscotti,34219,7,31823,300,143,False
SKU00953,"Snacks & Munchies",Parle Rusk,4078,10,3670,200,169,False
SKU03099,Baby Care,Baby Oil - Johnson's,90393,24,68698,300,28,False
SKU00086,"Fruits & Vegetables",Carrot - Ooty,17817,,16391,500,0,True
SKU02355,"Instant & Frozen Food",McCain French Fries,37928,65,13274,400,60,False
SKU03044,Baby Care,Huggies Diapers - S,198557,29,140975,100,0,True
SKU00781,"Dairy & Bread","Ghee - Amul (500ml)",17142,17,14227,200,0,True
SKU03339,Pet Care,Cat Shampoo,83007,9,75536,200,72,False
SKU02167,Personal Care,Cotton Balls,103345,8,95077,100,124,False
SKU01991,Personal Care,Hair Oil - Parachute Coconut,42922,15,36483,250,0,True
SKU01250,Beverages,Real Juice - Mixed Fruit,0,32,0,750,54,False
SKU00058,"Fruits & Vegetables",Coriander Leaves,19701,32,13396,1500,34,False
SKU02256,Personal Care,Hair Gel - Set Wet,54292,41,32032,200,81,False
SKU02064,Personal Care,Dettol Soap - 125g,115529,25,86646,200,142,False
SKU02276,"Instant & Frozen Food",Maggi 2-Minute Noodles,5314,6,4995,50,148,False
SKU02182,Personal Care,Wet Wipes - Himalaya,11918,,3813,,24,False
SKU03087,Baby Care,Baby Shampoo - Johnson's,61773,18,50653,,162,False
SKU02540,"Instant & Frozen Food",Chapati - Ready to Eat,8876,10,7988,70,108,False
SKU03219,Baby Care,Baby Bib,0,23,0,200,13,False
SKU02070,Personal Care,Dove Beauty Bar,60696,13,52805,250,143,False
SKU01589,"Cleaning & Household",Surf Excel Matic Top Load,22359,20,17887,2000,143,False
SKU01216,Beverages,Frooti Mango 200ml,58100,28,41832,1000,61,False
SKU02488,"Instant & Frozen Food",Upma Mix - MTR,7042,34,4647,200,172,False
SKU01400,Beverages,Cold Coffee - Starbucks,1536,27,1121,200,160,False
SKU00586,"Dairy & Bread",Greek Yogurt - Plain,3571,30,2499,200,95,False
SKU00524,"Dairy & Bread",Amul Butter - 100g,37964,34,25056,200,0,True
SKU01350,Beverages,Kinley Water 500ml,57447,19,46532,250,0,True
SKU00797,"Dairy & Bread",Shrikhand - Kesar,4509,12,3967,100,191,False
SKU01842,"Cleaning & Household",Dish Cloth - 3 Pack,47038,30,32926,1000,155,False
SKU00587,"Dairy & Bread",Greek Yogurt - Plain,31696,66,10776,400,10,False
SKU00925,"Snacks & Munchies",Cornitos Nachos,1851,34,1221,,0,True
SKU00090,"Fruits & Vegetables",Carrot - Ooty,0,0,0,500,189,False
SKU00412,"Fruits & Vegetables",Kiwi - Green,8713,31,6011,500,163,False
SKU02523,"Instant & Frozen Food",Frozen Samosa,9806,0,9806,200,198,False
SKU01748,"Cleaning & Household",Hand Wash - Dettol,23139,15,19668,200,0,True
SKU00017,"Fruits & Vegetables",Tomato - Hybrid,21976,13,19119,1500,0,True
SKU02003,Personal Care,Nivea Body Lotion,92481,10,83232,100,103,False
SKU00638,"Dairy & Bread",Amul Cream - Fresh,18428,16,15479,1000,18,False
SKU03178,Baby Care,Sippy Cup,17793,0,17793,100,14,False
SKU01935,Personal Care,Oral-B Toothbrush,114208,9,103929,500,0,True
SKU01658,"Cleaning & Household",Garbage Bags - Large,23899,34,15773,750,0,True
SKU02665,"Bakery & Biscuits",Treat Croissant - Chocolate,8643,7,8037,150,108,False
SKU02179,Personal Care,Ear Buds,92012,35,59807,100,191,False
SKU02037,Personal Care,Garnier Face Wash - Men,77798,28,56014,500,9,False
SKU00208,"Fruits & Vegetables",Brinjal,21146,59,8669,1000,169,False
SKU01389,Beverages,Filter Coffee Decoction,32336,8,29749,350,0,True
SKU02152,Personal Care,Sanitary Pads - Whisper,67269,33,45070,100,99,False
SKU03367,Pet Care,Pet Bowl - Steel,123597,9,112473,100,104,False
SKU02270,Personal Care,Nail Cutter,83659,28,60234,,100,False
SKU00449,"Fruits & Vegetables",Sweet Potato,23275,,16525,1500,79,False
SKU00470,"Fruits & Vegetables",Radish,20581,7,19140,500,51,False
SKU02075,Personal Care,Dove Beauty Bar,83864,42,48641,75,174,False
SKU01016,"Snacks & Munchies",Jim Jam Biscuit,6198,37,3904,400,0,True
SKU00256,"Fruits & Vegetables",Grapes - Green,10792,,10792,250,0,True
SKU01154,"Snacks & Munchies",Namkeen Mixture - Haldiram's,23048,8,21204,200,11,False
SKU00974,"Snacks & Munchies","Hide & Seek",2733,,2705,90,199,False
SKU01615,"Cleaning & Household",Colin Glass Cleaner,55637,0,55637,400,55,False
SKU01788,"Cleaning & Household",Broom - Grass,11106,12,9773,200,110,False
SKU02308,"Instant & Frozen Food",Cup Noodles - Masala,31060,18,25469,50,118,False
SKU03248,Pet Care,Pedigree Dog Food - Chicken,148911,21,117639,3000,23,False
SKU02605,"Instant & Frozen Food",Instant Rice - Minute,31585,15,26847,500,127,False
SKU03065,Baby Care,MamyPoko Pants - L,5240,13,4558,200,115,False
SKU00381,"Fruits & Vegetables",Guava,16859,0,16859,1500,0,True
SKU01351,Beverages,Tonic Water - Schweppes,24533,12,21589,250,107,False
SKU00933,"Snacks & Munchies",Too Yumm Multigrain,36237,63,13407,400,0,True
SKU00323,"Fruits & Vegetables",Drumstick,20058,,12636,2000,64,False
SKU02583,"Instant & Frozen Food",Pasta - Barilla Penne,29408,11,26173,1000,127,False
SKU02851,"Bakery & Biscuits",Nan Khatai,22858,14,19657,150,0,True
SKU01090,"Snacks & Munchies",Roasted Almonds - Salted,24898,30,17428,30,59,False
SKU01853,"Cleaning & Household",Naphthalene Balls,37617,13,32726,2000,23,False
SKU02303,"Instant & Frozen Food",Top Ramen - Curry,49349,2,48362,50,88,False
SKU02884,"Bakery & Biscuits",Wafer - Chocolate,24444,16,20532,100,5,False
SKU02015,Personal Care,Vaseline Intensive Care,46789,,45385,50,0,True
SKU00160,"Fruits & Vegetables",Cabbage,3927,11,3495,500,187,False
SKU01978,Personal Care,Pantene Conditioner,70371,35,45741,50,0,True
SKU00835,"Dairy & Bread",Milkshake - Chocolate,21298,29,15121,,0,True
SKU03246,Pet Care,Pedigree Dog Food - Chicken,111500,5,105925,100,163,False
SKU00318,"Fruits & Vegetables",Drumstick,10344,54,4758,1500,168,False
SKU03390,Pet Care,Dog Toy - Ball,71783,1,71065,3000,115,False
SKU02510,"Instant & Frozen Food",Idli Batter - iD,31972,26,23659,1000,0,True
SKU02030,Personal Care,Ponds Face Wash,53432,33,35799,250,31,False
SKU00492,"Dairy & Bread",Amul Taaza Toned Milk,25964,3,25185,200,0,True
SKU02964,"Bakery & Biscuits",Eclair - Chocolate,12699,4,12191,300,186,False
SKU00465,"Fruits & Vegetables",Radish,5301,0,5301,250,0,True
SKU01210,Beverages,Thums Up 750ml,12074,,10987,750,160,False
SKU02762,"Bakery & Biscuits",Patties - Chicken,13364,68,4276,100,0,True
SKU03273,Pet Care,Whiskas Cat Food - Tuna,41179,4,39531,400,111,False
SKU00280,"Fruits & Vegetables",Mushroom - Button,6015,15,5112,500,91,False
SKU02013,Personal Care,Vaseline Intensive Care,45501,17,37765,50,39,False
SKU02007,Personal Care,Nivea Body Lotion,57742,0,57742,500,85,False
SKU00271,"Fruits & Vegetables",Papaya,24667,9,22446,2000,137,False
SKU03002,Baby Care,Nan Pro 2,51110,28,36799,100,0,True
SKU00483,"Fruits & Vegetables",Spring Onion,18564,2,18192,500,146,False
SKU01507,Beverages,Glucon-D Orange,7996,62,3038,250,0,True
SKU01661,"Cleaning & Household",Garbage Bags - Large,30161,,27144,400,191,False
SKU00414,"Fruits & Vegetables",Kiwi - Green,13919,9,12666,1000,95,False
SKU01604,"Cleaning & Household",Tide Detergent Powder,5765,35,3747,500,0,True
SKU01177,Beverages,Coca Cola 750ml,48802,22,38065,250,131,False
SKU02509,"Instant & Frozen Food",Idli Batter - iD,44678,24,33955,1000,51,False
SKU02999,Baby Care,Lactogen 1,116498,50,58249,200,23,False
SKU02139,Personal Care,Perfume - Wild Stone,51666,9,47016,100,33,False
SKU00139,"Fruits & Vegetables",Garlic,23940,33,16039,1500,0,True
SKU01521,Beverages,Glucon-D Orange,55340,35,35971,350,113,False
SKU00055,"Fruits & Vegetables",Coriander Leaves,4686,31,3233,1000,147,False
SKU00460,"Fruits & Vegetables",Radish,3723,11,3313,500,82,False
SKU01476,Beverages,Protein Shake - MuscleBlaze,4313,16,3622,1000,3,False
SKU02632,"Bakery & Biscuits",Britannia Cake - Chocolate,11245,52,5397,200,109,False
SKU01391,Beverages,Filter Coffee Decoction,20899,0,20899,250,67,False
SKU02208,Personal Care,Lip Balm - Nivea,57012,5,54161,250,49,False
SKU03312,Pet Care,Drools Dog Treat,128205,20,102564,100,171,False
SKU01384,Beverages,Filter Coffee Decoction,21967,2,21527,250,67,False
SKU00816,"Dairy & Bread",Dahi - Set,32346,67,10674,100,59,False
SKU00434,"Fruits & Vegetables",Dragon Fruit,1613,44,903,1500,0,True
SKU00331,"Fruits & Vegetables",Drumstick,12082,21,9544,1500,0,True
SKU03097,Baby Care,Baby Oil - Johnson's,144526,4,138744,300,74,False
SKU01541,Beverages,Instant Coffee - Nescafe,56712,19,45936,250,161,False
SKU00718,"Dairy & Bread",Cream Cheese,37483,8,34484,200,0,True
SKU02651,"Bakery & Biscuits",Tiger Glucose Biscuit,4454,24,3385,60,0,True
SKU02093,Personal Care,Lifebuoy Handwash Refill,64310,,30225,50,70,False
SKU02197,Personal Care,Wet Wipes - Himalaya,118700,6,111578,250,135,False
SKU03278,Pet Care,Whiskas Cat Food - Chicken,5412,22,4221,200,116,False
SKU02788,"Bakery & Biscuits",Cup Cake - Vanilla,34760,24,26417,150,99,False
SKU01356,Beverages,Tonic Water - Schweppes,19053,25,14289,500,0,True
SKU03092,Baby Care,Baby Oil - Johnson's,31111,34,20533,300,31,False
SKU01564,"Cleaning & Household",Lizol Floor Cleaner - Citrus,24418,55,10988,200,0,True
SKU01755,"Cleaning & Household",Hand Wash - Dettol,57320,9,52161,200,111,False
SKU03334,Pet Care,Dog Shampoo,108428,7,100838,400,46,False
SKU03327,Pet Care,Cat Litter - Clumping,65710,8,60453,400,0,True
SKU02977,Baby Care,Cerelac - Rice,148032,34,97701,300,0,True
SKU02568,"Instant & Frozen Food",Atta Noodles - Patanjali,13233,56,5822,200,171,False
SKU00170,"Fruits & Vegetables",Cabbage,22039,16,18512,1500,181,False
SKU00097,"Fruits & Vegetables",Capsicum - Green,18860,30,13202,1500,4,False
SKU01243,Beverages,Maaza Mango 600ml,30198,35,19628,250,0,True
SKU01608,"Cleaning & Household",Tide Detergent Powder,70837,18,58086,1000,0,True
SKU01963,Personal Care,Dove Shampoo - Daily Shine,38821,26,28727,500,125,False
SKU00542,"Dairy & Bread","Curd - Plain (400g)",22997,16,19317,100,0,True
SKU00912,"Snacks & Munchies",Act II Popcorn - Butter,14657,28,10553,200,148,False
SKU02436,"Instant & Frozen Food",Oats - Quaker,9493,21,7499,400,190,False
SKU00354,"Fruits & Vegetables",Curry Leaves,15047,17,12489,1500,59,False
SKU01876,"Cleaning & Household",Drain Cleaner,70501,22,54990,,0,True
SKU02773,"Bakery & Biscuits",Donut - Glazed,7835,25,5876,60,196,False
SKU02713,"Bakery & Biscuits",Pizza Base,34651,6,32571,300,15,False
SKU01497,Beverages,Horlicks 500g,36935,7,34349,1000,179,False
SKU00382,"Fruits & Vegetables",Guava,4014,19,3251,250,74,False
SKU01140,"Snacks & Munchies",Granola Bar - Nature Valley,24844,35,16148,400,24,False
SKU00447,"Fruits & Vegetables",Sweet Potato,1924,,1712,2000,45,False
SKU03289,Pet Care,Royal Canin - Maxi Adult,107145,18,87858,200,99,False
SKU00804,"Dairy & Bread",Shrikhand - Kesar,16677,30,11673,500,80,False
SKU00228,"Fruits & Vegetables",Tender Coconut,9625,17,7988,500,117,False
SKU00373,"Fruits & Vegetables",Watermelon,16471,15,14000,250,46,False
SKU01324,Beverages,Sting Energy Drink,31071,31,21438,750,70,False
SKU01317,Beverages,Sting Energy Drink,14331,33,9601,250,172,False
SKU00095,"Fruits & Vegetables",Capsicum - Green,5640,16,4737,250,0,True
SKU01149,"Snacks & Munchies",Peanut Butter Cups,7969,26,5897,150,147,False
SKU01517,Beverages,Glucon-D Orange,30817,24,23420,200,0,True
SKU03224,Baby Care,Baby Towel,27950,52,13416,100,169,False
SKU01897,"Cleaning & Household",Glass Wiper,32094,15,27279,200,0,True
SKU00089,"Fruits & Vegetables",Carrot - Ooty,8734,0,8734,1500,74,False
SKU00750,"Dairy & Bread",Tofu - Firm,26073,11,23204,200,66,False
SKU01730,"Cleaning & Household",Hit Cockroach Spray,58136,14,49996,500,63,False
SKU02450,"Instant & Frozen Food",Oats - Quaker,26815,,21452,1000,29,False
SKU00494,"Dairy & Bread",Amul Taaza Toned Milk,38394,,33402,200,193,False
SKU03358,Pet Care,Dog Biscuit - Milk Bone,93307,30,65314,500,0,True
SKU01605,"Cleaning & Household",Tide Detergent Powder,32102,15,27286,500,200,False
SKU02987,Baby Care,Lactogen 1,68969,20,55175,400,0,True
SKU03438,Pet Care,Pet Carrier - Small,107526,20,86020,3000,0,True
SKU01076,"Snacks & Munchies",Bisk Farm Cream Cracker,6230,7,5793,150,171,False
SKU00252,"Fruits & Vegetables",Mango - Alphonso,19428,31,13405,1000,67,False
SKU03086,Baby Care,Baby Shampoo - Johnson's,48142,24,36587,100,0,True
SKU02380,"Instant & Frozen Food",Frozen Mixed Vegetables,35881,27,26193,400,166,False
SKU01504,Beverages,Bournvita 500g,59271,27,43267,,168,False
SKU00658,"Dairy & Bread",Hung Curd,11663,1,11546,,125,False
SKU03331,Pet Care,Dog Shampoo,83515,3,81009,1000,139,False
SKU00568,"Dairy & Bread",Paneer - Fresh,27797,17,23071,400,94,False
SKU01068,"Snacks & Munchies",Bisk Farm Cream Cracker,30611,15,26019,200,163,False
SKU03124,Baby Care,Baby Lotion - Himalaya,64410,32,43798,500,22,False
SKU00370,"Fruits & Vegetables",Watermelon,16893,31,11656,250,136,False
SKU03270,Pet Care,Whiskas Cat Food - Tuna,88633,33,59384,3000,49,False
SKU01202,Beverages,Sprite 750ml,56142,8,51650,250,56,False
SKU00802,"Dairy & Bread",Shrikhand - Kesar,42449,9,38628,400,105,False
SKU01394,Beverages,Filter Coffee Decoction,2562,27,1870,750,0,True
SKU02429,"Instant & Frozen Food","Soup - Knorr Hot & Sour",43941,,40425,140,200,False
SKU01769,"Cleaning & Household",Mop Refill,75011,0,75011,500,5,False
SKU00302,"Fruits & Vegetables","Bottle Gourd (Lauki)",21330,22,16637,2000,0,True
SKU00984,"Snacks & Munchies",Oreo - Original,11367,0,11367,200,170,False
SKU02470,"Instant & Frozen Food",Cornflakes - Kellogg's,33417,69,10359,500,164,False
SKU03079,Baby Care,Baby Shampoo - Johnson's,136526,13,118777,200,159,False
SKU00169,"Fruits & Vegetables",Cabbage,0,,0,2000,0,True
SKU02116,Personal Care,Deodorant - Fogg,34278,53,16110,250,31,False
SKU00746,"Dairy & Bread",Tofu - Firm,6247,8,5747,200,72,False
SKU00593,"Dairy & Bread",Greek Yogurt - Plain,16516,18,13543,1000,71,False
SKU03374,Pet Care,Dog Leash,129969,15,110473,500,165,False
SKU02767,"Bakery & Biscuits",Patties - Chicken,13442,34,8871,,19,False
SKU01044,"Snacks & Munchies",Marie Gold,13769,34,9087,400,190,False
SKU01199,Beverages,Sprite 750ml,16426,22,12812,350,96,False
SKU01767,"Cleaning & Household",Sanitizer - Lifebuoy,16232,17,13472,200,181,False
SKU00279,"Fruits & Vegetables",Mushroom - Button,13013,16,10930,1000,69,False
SKU02640,"Bakery & Biscuits",Parle-G Biscuit,24205,33,16217,200,114,False
SKU01012,"Snacks & Munchies",Jim Jam Biscuit,8337,13,7253,150,183,False
SKU02252,Personal Care,Talcum Powder - Ponds,70732,9,64366,200,99,False
SKU00724,"Dairy & Bread",Whipped Cream,50746,32,34507,400,37,False
SKU02527,"Instant & Frozen Food",Frozen Samosa,32730,6,30766,70,169,False
SKU02123,Personal Care,Deodorant - Fogg,3660,8,3367,500,150,False
SKU02703,"Bakery & Biscuits",Garlic Bread - Frozen,19197,31,13245,150,0,True
SKU01340,Beverages,Bisleri Water 1L,45655,31,31501,,115,False
SKU00541,"Dairy & Bread","Curd - Plain (400g)",2803,19,2270,1000,101,False
SKU02326,"Instant & Frozen Food",MTR Ready-to-Eat Rajma,21746,8,20006,400,8,False
SKU02187,Personal Care,Wet Wipes - Himalaya,35509,27,25921,100,71,False
SKU02447,"Instant & Frozen Food",Oats - Quaker,27819,28,20029,200,145,False
SKU02729,"Bakery & Biscuits",Bun - Sweet,21047,7,19573,150,47,False
SKU02900,"Bakery & Biscuits",Croissant - Plain,26939,18,22089,150,0,True
SKU01695,"Cleaning & Household",Paper Towel Roll,39600,28,28512,200,0,True
SKU01038,"Snacks & Munchies",Marie Gold,34194,,26329,90,0,True
SKU00471,"Fruits & Vegetables",Radish,20691,13,18001,1500,69,False
SKU01133,"Snacks & Munchies",Granola Bar - Nature Valley,18881,0,18881,200,97,False
SKU03267,Pet Care,Whiskas Cat Food - Tuna,116854,34,77123,200,0,True
SKU03098,Baby Care,Baby Oil - Johnson's,47181,17,39160,300,0,True
SKU02919,"Bakery & Biscuits",Focaccia Bread,17123,9,15581,40,79,False
SKU02721,"Bakery & Biscuits",Bun - Sweet,13991,25,10493,150,0,True
SKU02992,Baby Care,Lactogen 1,107410,35,69816,200,126,False
SKU01184,Beverages,Coca Cola 750ml,59183,9,53856,350,9,False
SKU00078,"Fruits & Vegetables",Apple - Shimla,9422,31,6501,1500,87,False
SKU00367,"Fruits & Vegetables",Watermelon,15933,23,12268,1500,19,False
SKU02763,"Bakery & Biscuits",Patties - Chicken,30852,22,24064,40,179,False
SKU00368,"Fruits & Vegetables",Watermelon,6424,29,4561,500,19,False
SKU00266,"Fruits & Vegetables",Papaya,18618,25,13963,2000,0,True
SKU02633,"Bakery & Biscuits",Britannia Cake - Chocolate,33789,2,33113,60,70,False
SKU00132,"Fruits & Vegetables",Ginger,3723,6,3499,250,141,False
SKU00311,"Fruits & Vegetables",Ridge Gourd,6176,7,5743,,0,True
SKU00242,"Fruits & Vegetables",Mango - Alphonso,6626,27,4836,1000,128,False
SKU02881,"Bakery & Biscuits",Wafer - Chocolate,6020,1,5959,200,164,False
SKU02365,"Instant & Frozen Food",Frozen Peas - Safal,20048,9,18243,70,125,False
SKU02493,"Instant & Frozen Food",Upma Mix - MTR,27226,8,25047,1000,19,False
SKU01613,"Cleaning & Household",Colin Glass Cleaner,68297,35,44393,2000,66,False
SKU02196,Personal Care,Wet Wipes - Himalaya,8784,22,6851,50,190,False
SKU01387,Beverages,Filter Coffee Decoction,48512,33,32503,750,0,True
SKU02821,"Bakery & Biscuits",Rusk - Premium,3168,18,2597,300,7,False
SKU03402,Pet Care,Fish Food - Taiyo,42483,29,30162,500,184,False
SKU00930,"Snacks & Munchies",Too Yumm Multigrain,14659,31,10114,150,63,False
SKU02618,"Instant & Frozen Food",Frozen Momos - Wo Momo,29110,1,28818,70,95,False
SKU01599,"Cleaning & Household",Tide Detergent Powder,40407,15,34345,500,0,True
SKU02891,"Bakery & Biscuits",Biscotti,27624,8,25414,100,14,False
SKU02117,Personal Care,Deodorant - Fogg,50945,26,37699,75,0,True
SKU03408,Pet Care,Fish Food - Taiyo,67980,58,28551,200,0,True
SKU00125,"Fruits & Vegetables",Lemon,9598,36,6142,2000,190,False
SKU00148,"Fruits & Vegetables",Garlic,9918,26,7339,1000,16,False
SKU01782,"Cleaning & Household",Broom - Grass,68321,6,64221,400,86,False
SKU00112,"Fruits & Vegetables",Cucumber,18555,,15771,2000,107,False
SKU01459,Beverages,Nimbu Pani - Concentrate,10359,10,9323,500,137,False
SKU00405,"Fruits & Vegetables",Kiwi - Green,21552,7,20043,250,0,True
SKU02040,Personal Care,Garnier Face Wash - Men,12806,6,12037,75,89,False
SKU00204,"Fruits & Vegetables",Brinjal,5886,35,3825,250,97,False
SKU00292,"Fruits & Vegetables",Peas - Green,5710,26,4225,1000,170,False
SKU01386,Beverages,Filter Coffee Decoction,31239,61,12183,750,153,False
SKU00602,"Dairy & Bread","Bread - White (Britannia)",51726,26,38277,,63,False
SKU01974,Personal Care,Pantene Conditioner,71733,1,71015,150,86,False
SKU02520,"Instant & Frozen Food",Frozen Samosa,48971,1,48481,500,175,False
SKU03120,Baby Care,Baby Lotion - Himalaya,26070,47,13817,300,135,False
SKU01685,"Cleaning & Household",Cling Wrap,69142,30,48399,1000,15,False
SKU00186,"Fruits & Vegetables","Spinach (Palak)",22953,51,11246,250,171,False
SKU01054,"Snacks & Munchies",Good Day Butter Cookies,31624,56,13914,90,0,True
SKU02437,"Instant & Frozen Food",Oats - Quaker,41426,38,25684,140,115,False
SKU01307,Beverages,Monster Energy 350ml,36168,48,18807,1000,191,False
SKU00236,"Fruits & Vegetables",Pomegranate,2126,9,1934,,118,False
SKU03230,Baby Care,Baby Towel,190295,1,188392,400,40,False
SKU01382,Beverages,Chamomile Tea - Twinings,7510,16,6308,750,68,False
SKU00260,"Fruits & Vegetables",Grapes - Green,24403,20,19522,1000,71,False
SKU00896,"Snacks & Munchies",Pringles Original,22378,22,17454,30,55,False
SKU00074,"Fruits & Vegetables",Apple - Shimla,17016,29,12081,500,42,False
SKU01334,Beverages,Bisleri Water 1L,14051,5,13348,750,54,False
SKU01944,Personal Care,Listerine Mouthwash,26870,51,13166,250,0,True
SKU03197,Baby Care,Baby Blanket,10075,15,8563,100,165,False
SKU02853,"Bakery & Biscuits",Cookies - Choco Chip,10638,1,10531,100,18,False
SKU00813,"Dairy & Bread",Dahi - Set,36868,67,12166,400,11,False
SKU01781,"Cleaning & Household",Broom - Grass,77524,5,73647,200,88,False
SKU02301,"Instant & Frozen Food",Top Ramen - Curry,42339,16,35564,500,62,False
SKU02265,Personal Care,Nail Cutter,102845,27,75076,200,0,True
SKU01878,"Cleaning & Household",Drain Cleaner,71313,2,69886,400,182,False
SKU01288,Beverages,Paper Boat Aam Panna,4375,16,3675,200,55,False
SKU03303,Pet Care,Royal Canin - Maxi Adult,76877,7,71495,100,22,False
SKU00510,"Dairy & Bread",Amul Gold Milk,18700,7,17391,200,136,False
SKU00748,"Dairy & Bread",Tofu - Firm,26317,7,24474,100,174,False
SKU01665,"Cleaning & Household",Garbage Bags - Large,7534,33,5047,1000,200,False
SKU01913,Personal Care,Colgate MaxFresh Toothpaste,51564,33,34547,,26,False
SKU02316,"Instant & Frozen Food",MTR Ready-to-Eat Rajma,11076,67,3655,500,0,True
SKU00828,"Dairy & Bread",Milkshake - Chocolate,46106,16,38729,400,0,True
SKU00669,"Dairy & Bread",Hung Curd,35667,48,18546,200,106,False
SKU01912,Personal Care,Colgate MaxFresh Toothpaste,102418,20,81934,250,154,False
SKU01712,"Cleaning & Household",Room Freshener - Odonil,67353,21,53208,200,0,True
SKU01762,"Cleaning & Household",Sanitizer - Lifebuoy,61232,29,43474,400,78,False
SKU01320,Beverages,Sting Energy Drink,47433,64,17075,750,120,False
SKU03461,Pet Care,Flea Collar - Dog,73086,32,49698,400,0,True
SKU02574,"Instant & Frozen Food",Atta Noodles - Patanjali,7144,7,6643,50,130,False
SKU02737,"Bakery & Biscuits",Khari Biscuit,17655,55,7944,150,58,False
SKU01557,"Cleaning & Household",Lizol Floor Cleaner - Citrus,27640,8,25428,200,119,False
SKU00556,"Dairy & Bread",Paneer - Fresh,4124,33,2763,100,71,False
SKU01752,"Cleaning & Household",Hand Wash - Dettol,41869,,38519,750,133,False
SKU02468,"Instant & Frozen Food",Cornflakes - Kellogg's,23025,1,22794,,191,False
SKU00250,"Fruits & Vegetables",Mango - Alphonso,14586,55,6563,250,12,False
SKU01655,"Cleaning & Household",Scotch-Brite Scrub Pad,64999,15,55249,750,0,True
SKU00687,"Dairy & Bread",Flavoured Yogurt - Mango,21967,16,18452,1000,0,True
SKU00034,"Fruits & Vegetables",Green Chilli,22109,12,19455,1000,166,False
SKU01776,"Cleaning & Household",Broom - Grass,67930,0,67930,400,72,False
SKU00864,"Snacks & Munchies",Kurkure Masala Munch,31892,23,24556,90,0,True
SKU01885,"Cleaning & Household",Drain Cleaner,41418,19,33548,1000,144,False
SKU01983,Personal Care,Pantene Conditioner,13861,0,13861,150,193,False
SKU01601,"Cleaning & Household",Tide Detergent Powder,51257,69,15889,2000,82,False
SKU00965,"Snacks & Munchies","Hide & Seek",14062,38,8718,150,0,True
SKU01321,Beverages,Sting Energy Drink,35448,0,35448,750,21,False
SKU01598,"Cleaning & Household",Tide Detergent Powder,67341,29,47812,200,153,False
SKU01694,"Cleaning & Household",Paper Towel Roll,54927,34,36251,200,0,True
SKU00719,"Dairy & Bread",Whipped Cream,34035,27,24845,500,18,False
SKU00979,"Snacks & Munchies","Hide & Seek",38429,3,37276,30,15,False
SKU03279,Pet Care,Whiskas Cat Food - Chicken,104385,27,76201,200,41,False
SKU00175,"Fruits & Vegetables",Cauliflower,13319,19,10788,2000,0,True
SKU00247,"Fruits & Vegetables",Mango - Alphonso,18591,5,17661,1500,0,True
SKU01379,Beverages,Chamomile Tea - Twinings,17356,0,17356,350,153,False
SKU00588,"Dairy & Bread",Greek Yogurt - Plain,18009,5,17108,200,48,False
SKU03051,Baby Care,MamyPoko Pants - M,57144,29,40572,300,129,False
SKU00211,"Fruits & Vegetables",Sweet Corn,14709,35,9560,500,164,False
SKU00786,"Dairy & Bread",Buttermilk - Masala,11991,23,9233,500,112,False
SKU00938,"Snacks & Munchies",Too Yumm Multigrain,10287,6,9669,30,0,True
SKU02659,"Bakery & Biscuits",Treat Croissant - Chocolate,20900,25,15675,300,187,False
SKU00878,"Snacks & Munchies",Haldiram's Aloo Bhujia,2626,64,945,50,149,False
SKU01467,Beverages,Nimbu Pani - Concentrate,34405,,26147,1000,95,False
SKU02946,"Bakery & Biscuits",Cinnamon Roll,16407,4,15750,100,130,False
SKU01484,Beverages,Protein Shake - MuscleBlaze,26485,35,17215,250,0,True
SKU01200,Beverages,Sprite 750ml,23850,5,22657,1000,45,False
SKU02454,"Instant & Frozen Food",Muesli - Bagrry's,6176,8,5681,70,92,False
SKU02533,"Instant & Frozen Food",Frozen Spring Roll,31087,5,29532,1000,120,False
SKU00924,"Snacks & Munchies",Cornitos Nachos,12009,7,11168,30,184,False
SKU03231,Baby Care,Baby Towel,83022,18,68078,100,95,False
SKU01466,Beverages,Nimbu Pani - Concentrate,0,14,0,250,128,False
SKU02361,"Instant & Frozen Food",Frozen Peas - Safal,47619,28,34285,400,80,False
SKU01454,Beverages,Jaljeera Drink,55856,3,54180,1000,117,False
SKU02195,Personal Care,Wet Wipes - Himalaya,60976,1,60366,75,60,False
SKU03269,Pet Care,Whiskas Cat Food - Tuna,134200,21,106018,100,0,True
SKU03259,Pet Care,Pedigree Dog Food - Veg,12412,12,10922,1000,23,False
SKU02565,"Instant & Frozen Food",Atta Noodles - Patanjali,18974,37,11953,400,198,False
SKU02416,"Instant & Frozen Food",Instant Pasta - Knorr,14241,12,12532,400,181,False
SKU01727,"Cleaning & Household",Hit Cockroach Spray,44851,33,30050,400,135,False
SKU00218,"Fruits & Vegetables",Sweet Corn,14706,12,12941,1500,43,False
SKU00333,"Fruits & Vegetables","Mint Leaves (Pudina)",4631,0,4631,250,189,False
SKU01539,Beverages,Instant Coffee - Nescafe,20223,46,10920,750,3,False
SKU01011,"Snacks & Munchies",Jim Jam Biscuit,29898,,23918,90,0,True
SKU00214,"Fruits & Vegetables",Sweet Corn,21268,9,19353,1500,148,False
SKU00335,"Fruits & Vegetables","Mint Leaves (Pudina)",14892,28,10722,1000,189,False
SKU00091,"Fruits & Vegetables",Carrot - Ooty,17032,25,12774,1500,47,False
SKU02972,Baby Care,Cerelac - Wheat Apple,179277,5,170313,100,92,False
SKU00087,"Fruits & Vegetables",Carrot - Ooty,14347,17,11908,1000,94,False
SKU01616,"Cleaning & Household",Colin Glass Cleaner,62611,25,46958,2000,90,False
SKU02373,"Instant & Frozen Food",Frozen Peas - Safal,21722,9,19767,1000,144,False
SKU02532,"Instant & Frozen Food",Frozen Spring Roll,11379,64,4096,200,71,False
SKU02321,"Instant & Frozen Food",MTR Ready-to-Eat Rajma,48039,34,31705,200,0,True
SKU00645,"Dairy & Bread",Cheese Spread - Amul,11127,17,9235,400,52,False
SKU02383,"Instant & Frozen Food",Frozen Chicken Nuggets,18694,58,7851,400,0,True
SKU01981,Personal Care,Pantene Conditioner,46849,23,36073,200,83,False
SKU01019,"Snacks & Munchies",Jim Jam Biscuit,4433,12,3901,400,65,False
SKU00118,"Fruits & Vegetables",Cucumber,9726,27,7099,1000,194,False
SKU01736,"Cleaning & Household",Phenyl - White,31018,28,22332,2000,185,False
SKU00884,"Snacks & Munchies",Haldiram's Aloo Bhujia,2445,22,1907,200,0,True
SKU02312,"Instant & Frozen Food",Cup Noodles - Masala,44425,26,32874,50,113,False
SKU03258,Pet Care,Pedigree Dog Food - Veg,53539,22,41760,200,36,False
SKU03094,Baby Care,Baby Oil - Johnson's,149674,7,139196,200,16,False
SKU02537,"Instant & Frozen Food",Frozen Spring Roll,18005,13,15664,1000,43,False
SKU00127,"Fruits & Vegetables",Lemon,11524,42,6683,2000,142,False
SKU00358,"Fruits & Vegetables","Amla (Indian Gooseberry)",23829,15,20254,1500,182,False
SKU00258,"Fruits & Vegetables",Grapes - Green,3171,20,2536,250,150,False
SKU02778,"Bakery & Biscuits",Donut - Glazed,6423,25,4817,,120,False
SKU03046,Baby Care,MamyPoko Pants - M,180198,12,158574,100,12,False
SKU00710,"Dairy & Bread","Lassi - Mango (Amul)",0,66,0,,63,False
SKU00490,"Dairy & Bread",Amul Taaza Toned Milk,25872,26,19145,1000,109,False
SKU00143,"Fruits & Vegetables",Garlic,3142,14,2702,1500,179,False
SKU01261,Beverages,Tropicana Orange 1L,5630,57,2420,750,0,True
SKU00403,"Fruits & Vegetables",Kiwi - Green,1627,63,601,500,117,False
SKU02840,"Bakery & Biscuits",Nan Khatai,9333,36,5973,,165,False
SKU00136,"Fruits & Vegetables",Ginger,6651,35,4323,1000,98,False
SKU01401,Beverages,Cold Coffee - Starbucks,32527,43,18540,250,77,False
SKU01127,"Snacks & Munchies",Protein Bar - Yoga Bar,23240,61,9063,400,0,True
SKU01103,"Snacks & Munchies",Cashew Nuts - W320,3753,23,2889,400,0,True
SKU00826,"Dairy & Bread",Milkshake - Chocolate,12317,10,11085,400,79,False
SKU00578,"Dairy & Bread",Amul Masti Buttermilk,6721,23,5175,1000,35,False
SKU00077,"Fruits & Vegetables",Apple - Shimla,6465,3,6271,2000,153,False
SKU01527,Beverages,Electral Powder,10686,,7907,500,124,False
SKU01818,"Cleaning & Household",Bleach - Robin,21481,31,14821,1000,141,False
SKU00134,"Fruits & Vegetables",Ginger,15201,33,10184,1500,113,False
SKU03242,Pet Care,Pedigree Dog Food - Chicken,143650,,123539,200,15,False
SKU01503,Beverages,Bournvita 500g,16525,28,11898,200,65,False
SKU01625,"Cleaning & Household",Colin Glass Cleaner,20566,64,7403,,47,False
SKU00648,"Dairy & Bread",Cheese Spread - Amul,50321,62,19121,200,0,True
SKU01220,Beverages,Frooti Mango 200ml,40589,23,31253,500,42,False
SKU00395,"Fruits & Vegetables",Pineapple,24243,18,19879,500,178,False
SKU02406,"Instant & Frozen Food",Frozen Fish Fingers,47484,9,43210,400,129,False
SKU03308,Pet Care,Drools Dog Treat,67847,25,50885,400,160,False
SKU00330,"Fruits & Vegetables",Drumstick,2684,,2549,250,33,False
SKU00895,"Snacks & Munchies",Pringles Original,11332,27,8272,30,150,False
SKU01524,Beverages,Electral Powder,1834,10,1650,750,63,False
SKU01046,"Snacks & Munchies",Marie Gold,35413,40,21247,50,0,True
SKU01079,"Snacks & Munchies",Trail Mix - Dry Fruits,38924,65,13623,30,36,False
SKU01638,"Cleaning & Household",Domex Toilet Cleaner,69700,,52275,1000,89,False
SKU01523,Beverages,Electral Powder,56810,23,43743,500,134,False
SKU00763,"Dairy & Bread",Condensed Milk - Milkmaid,18387,33,12319,200,147,False
SKU01573,"Cleaning & Household",Harpic Toilet Cleaner,28019,0,28019,2000,153,False
SKU03211,Baby Care,Baby Bib,78368,19,63478,200,0,True
SKU00468,"Fruits & Vegetables",Radish,9252,14,7956,2000,13,False
SKU00627,"Dairy & Bread",Milk Bread,36594,59,15003,200,65,False
SKU01446,Beverages,Lassi - Sweet,23210,48,12069,1000,108,False
SKU02333,"Instant & Frozen Food",MTR Ready-to-Eat Dal Fry,15897,7,14784,140,89,False
SKU01824,"Cleaning & Household",Bleach - Robin,14338,6,13477,200,30,False
SKU02150,Personal Care,Sanitary Pads - Whisper,69471,,53492,250,180,False
SKU01411,Beverages,Coconut Water - Raw Pressery,46117,12,40582,750,26,False
SKU00445,"Fruits & Vegetables",Sweet Potato,3834,28,2760,1500,0,True
SKU01456,Beverages,Jaljeera Drink,20454,18,16772,1000,188,False
SKU01998,Personal Care,Hair Oil - Parachute Coconut,82313,13,71612,500,63,False
SKU02094,Personal Care,Lifebuoy Handwash Refill,26683,0,26683,250,105,False
SKU02642,"Bakery & Biscuits",Parle-G Biscuit,7524,17,6244,300,193,False
SKU02087,Personal Care,Lifebuoy Handwash Refill,6655,67,2196,200,0,True
SKU00605,"Dairy & Bread","Bread - Brown (Harvest Gold)",43832,13,38133,400,0,True
SKU01045,"Snacks & Munchies",Marie Gold,9498,3,9213,90,194,False
SKU03362,Pet Care,Dog Biscuit - Milk Bone,5969,5,5670,100,39,False
SKU02056,Personal Care,Dettol Soap - 125g,51222,65,17927,250,0,True
SKU02374,"Instant & Frozen Food",Frozen Mixed Vegetables,32777,1,32449,500,63,False
SKU01214,Beverages,Thums Up 750ml,46010,2,45089,250,98,False
SKU02337,"Instant & Frozen Food",MTR Ready-to-Eat Dal Fry,27549,13,23967,70,61,False
SKU00839,"Dairy & Bread",Milkshake - Chocolate,43171,10,38853,1000,2,False
SKU02294,"Instant & Frozen Food",Yippee Noodles - Classic,13646,9,12417,50,0,True
SKU00478,"Fruits & Vegetables",Spring Onion,23961,33,16053,1500,136,False
SKU01763,"Cleaning & Household",Sanitizer - Lifebuoy,43887,6,41253,1000,109,False
SKU01005,"Snacks & Munchies",Dark Fantasy,8171,9,7435,200,53,False
SKU00898,"Snacks & Munchies",Pringles Original,31248,66,10624,50,162,False
SKU00006,"Fruits & Vegetables",Onion,14333,70,4299,1500,200,False
SKU01237,Beverages,Maaza Mango 600ml,10278,39,6269,250,0,True
SKU01051,"Snacks & Munchies",Good Day Butter Cookies,15719,26,11632,400,14,False
SKU00104,"Fruits & Vegetables","Ladies Finger (Bhindi)",4751,34,3135,250,95,False
SKU01866,"Cleaning & Household",Rat Trap - Glue,20163,13,17541,1000,0,True
SKU03188,Baby Care,Teether,101463,25,76097,500,72,False
SKU03125,Baby Care,Baby Lotion - Himalaya,145049,29,102984,300,0,True
SKU02306,"Instant & Frozen Food",Top Ramen - Curry,24857,55,11185,140,0,True
SKU02480,"Instant & Frozen Food",Upma Mix - MTR,21120,25,15840,1000,47,False
SKU00274,"Fruits & Vegetables",Papaya,21015,1,20804,2000,66,False
SKU03155,Baby Care,Gripe Water - Woodward's,24864,64,8951,,75,False
SKU01659,"Cleaning & Household",Garbage Bags - Large,42264,33,28316,750,12,False
SKU02985,Baby Care,Lactogen 1,117381,42,68080,100,159,False
SKU02215,Personal Care,Face Cream - Olay,87688,15,74534,500,43,False
SKU02052,Personal Care,Sunscreen - Lakme SPF50,23263,30,16284,200,155,False
SKU01326,Beverages,Sting Energy Drink,38276,5,36362,750,121,False
SKU01364,Beverages,Green Tea - Lipton,20429,27,14913,350,200,False
SKU02313,"Instant & Frozen Food",Cup Noodles - Masala,13829,29,9818,200,52,False
SKU03433,Pet Care,Hamster Food,83163,19,67362,200,154,False
SKU01722,"Cleaning & Household",Hit Cockroach Spray,74253,2,72767,750,122,False
SKU02647,"Bakery & Biscuits",Tiger Glucose Biscuit,22609,0,22609,150,105,False
SKU00676,"Dairy & Bread",Flavoured Yogurt - Strawberry,52885,49,26971,400,39,False
SKU01902,Personal Care,Colgate MaxFresh Toothpaste,42238,25,31678,150,53,False
SKU00620,"Dairy & Bread",Pav - Ladi,35966,31,24816,200,160,False
SKU02720,"Bakery & Biscuits",Bun - Sweet,10555,28,7599,40,2,False
SKU01858,"Cleaning & Household",Rat Trap - Glue,71557,67,23613,,26,False
SKU00113,"Fruits & Vegetables",Cucumber,16753,6,15747,500,0,True
SKU00787,"Dairy & Bread",Buttermilk - Masala,21168,13,18416,100,121,False
SKU01065,"Snacks & Munchies",Bisk Farm Cream Cracker,11965,22,9332,50,139,False
SKU00991,"Snacks & Munchies",Bourbon Biscuit,6551,30,4585,400,13,False
SKU02220,Personal Care,Face Cream - Olay,114120,31,78742,200,149,False
SKU01137,"Snacks & Munchies",Granola Bar - Nature Valley,33388,15,28379,90,86,False
SKU01148,"Snacks & Munchies",Peanut Butter Cups,24379,,17796,150,82,False
SKU03031,Baby Care,Pampers Diapers - L,41450,27,30258,300,57,False
SKU01933,Personal Care,Oral-B Toothbrush,3660,8,3367,100,77,False
SKU03363,Pet Care,Pet Bowl - Steel,74178,17,61567,3000,0,True
SKU01596,"Cleaning & Household",Surf Excel Matic Top Load,67385,14,57951,750,84,False
SKU02625,"Bakery & Biscuits",Britannia Cake - Chocolate,26461,2,25931,60,105,False
SKU01156,"Snacks & Munchies",Namkeen Mixture - Haldiram's,6222,24,4728,30,66,False
SKU01037,"Snacks & Munchies",Marie Gold,3679,13,3200,150,0,True
SKU02938,"Bakery & Biscuits",Cinnamon Roll,27845,24,21162,,0,True
SKU00688,"Dairy & Bread",Flavoured Yogurt - Mango,39642,23,30524,200,194,False
SKU01510,Beverages,Glucon-D Orange,21808,21,17228,200,64,False
SKU00268,"Fruits & Vegetables",Papaya,9303,,8186,2000,157,False
SKU03205,Baby Care,Baby Blanket,48857,64,17588,200,178,False
SKU01089,"Snacks & Munchies",Trail Mix - Dry Fruits,1602,31,1105,150,117,False
SKU02578,"Instant & Frozen Food",Atta Noodles - Patanjali,44062,56,19387,140,14,False
SKU03212,Baby Care,Baby Bib,33197,7,30873,100,2,False
SKU00444,"Fruits & Vegetables",Sweet Potato,2800,6,2632,2000,137,False
SKU00037,"Fruits & Vegetables",Green Chilli,5953,13,5179,2000,66,False
SKU01357,Beverages,Tonic Water - Schweppes,36355,34,23994,1000,0,True
SKU00300,"Fruits & Vegetables","Bottle Gourd (Lauki)",19171,22,14953,250,197,False
SKU00194,"Fruits & Vegetables","Spinach (Palak)",3671,62,1394,2000,83,False
SKU00137,"Fruits & Vegetables",Ginger,16544,20,13235,1500,0,True
SKU02343,"Instant & Frozen Food",Haldiram's Frozen Paratha,26794,22,20899,200,0,True
SKU01369,Beverages,Green Tea - Lipton,58577,21,46275,,180,False
SKU01905,Personal Care,Colgate MaxFresh Toothpaste,46919,52,22521,200,44,False
SKU03006,Baby Care,Nan Pro 2,149502,7,139036,300,111,False
SKU02636,"Bakery & Biscuits",Parle-G Biscuit,34207,0,34207,40,58,False
SKU01836,"Cleaning & Household",Dish Cloth - 3 Pack,23647,27,17262,1000,139,False
SKU00044,"Fruits & Vegetables",Green Chilli,4978,34,3285,2000,180,False
SKU02774,"Bakery & Biscuits",Donut - Glazed,4605,57,1980,200,114,False
SKU01618,"Cleaning & Household",Colin Glass Cleaner,27278,26,20185,500,191,False
SKU02045,Personal Care,Garnier Face Wash - Men,74835,28,53881,50,0,True
SKU01968,Personal Care,Dove Shampoo - Daily Shine,9791,13,8518,100,138,False
SKU01311,Beverages,Monster Energy 350ml,8457,8,7780,350,124,False
SKU01948,Personal Care,"Head & Shoulders Shampoo",76132,33,51008,150,29,False
SKU03297,Pet Care,Royal Canin - Maxi Adult,142973,3,138683,200,152,False
SKU01924,Personal Care,Sensodyne Rapid Relief,111224,0,111224,250,64,False
SKU01474,Beverages,Protein Shake - MuscleBlaze,40300,3,39091,250,28,False
SKU03472,Pet Care,Tick Spray,48108,29,34156,3000,28,False
SKU02976,Baby Care,Cerelac - Rice,195669,8,180015,100,149,False
SKU02512,"Instant & Frozen Food",Idli Batter - iD,9741,16,8182,200,70,False
SKU00902,"Snacks & Munchies",Doritos Nacho Cheese,23067,35,14993,400,0,True
SKU01327,Beverages,Sting Energy Drink,10920,1,10810,750,159,False
SKU00063,"Fruits & Vegetables",Banana - Robusta,13875,25,10406,2000,0,True
SKU03413,Pet Care,Fish Food - Taiyo,95281,20,76224,3000,0,True
SKU02631,"Bakery & Biscuits",Britannia Cake - Chocolate,30313,8,27887,60,3,False
SKU03305,Pet Care,Drools Dog Treat,136434,12,120061,1000,0,True
SKU01040,"Snacks & Munchies",Marie Gold,15967,50,7983,400,59,False
SKU02025,Personal Care,Vaseline Intensive Care,82298,56,36211,100,94,False
SKU01867,"Cleaning & Household",Rat Trap - Glue,33269,14,28611,400,163,False
SKU01809,"Cleaning & Household",Fabric Softener - Comfort,44685,22,34854,500,0,True
SKU02548,"Instant & Frozen Food",Chapati - Ready to Eat,48310,33,32367,200,0,True
SKU03080,Baby Care,Baby Shampoo - Johnson's,65483,40,39289,100,0,True
SKU02933,"Bakery & Biscuits",Bagel - Plain,14593,14,12549,40,161,False
SKU01378,Beverages,Chamomile Tea - Twinings,42218,35,27441,1000,0,True
SKU02613,"Instant & Frozen Food",Frozen Momos - Wo Momo,23879,,16476,400,64,False
SKU03266,Pet Care,Whiskas Cat Food - Tuna,78230,57,33638,100,0,True
SKU01919,Personal Care,Sensodyne Rapid Relief,97560,,90730,50,0,True
SKU02655,"Bakery & Biscuits",Treat Croissant - Chocolate,2452,34,1618,100,0,True
SKU02741,"Bakery & Biscuits",Khari Biscuit,20679,54,9512,100,140,False
SKU02702,"Bakery & Biscuits",Garlic Bread - Frozen,20527,62,7800,60,0,True
SKU03239,Pet Care,Pedigree Dog Food - Chicken,98995,4,95035,100,98,False
SKU01882,"Cleaning & Household",Drain Cleaner,27894,9,25383,200,94,False
SKU00270,"Fruits & Vegetables",Papaya,10748,6,10103,2000,35,False
SKU00072,"Fruits & Vegetables",Apple - Shimla,5714,17,4742,2000,68,False
SKU00324,"Fruits & Vegetables",Drumstick,3208,,1828,500,129,False
SKU02426,"Instant & Frozen Food","Soup - Knorr Hot & Sour",20538,14,17662,140,195,False
SKU01715,"Cleaning & Household",Mosquito Repellent - Good Knight,13465,31,9290,750,192,False
SKU00205,"Fruits & Vegetables",Brinjal,5399,,4805,,0,True
SKU02360,"Instant & Frozen Food",McCain French Fries,33307,35,21649,1000,153,False
SKU02189,Personal Care,Wet Wipes - Himalaya,22278,33,14926,100,22,False
SKU01059,"Snacks & Munchies",Good Day Butter Cookies,3960,10,3564,400,13,False
SKU02971,Baby Care,Cerelac - Wheat Apple,51984,21,41067,200,147,False
SKU02090,Personal Care,Lifebuoy Handwash Refill,99458,21,78571,75,0,True
SKU00916,"Snacks & Munchies",Act II Popcorn - Butter,31572,27,23047,400,113,False
SKU00419,"Fruits & Vegetables",Avocado,12593,20,10074,2000,169,False
SKU00891,"Snacks & Munchies",Pringles Original,17501,38,10850,200,0,True
SKU01463,Beverages,Nimbu Pani - Concentrate,12422,4,11925,200,130,False
SKU00712,"Dairy & Bread",Cream Cheese,15635,62,5941,400,0,True
SKU00832,"Dairy & Bread",Milkshake - Chocolate,15080,25,11310,400,5,False
SKU01469,Beverages,Nimbu Pani - Concentrate,4875,13,4241,750,198,False
SKU01048,"Snacks & Munchies",Good Day Butter Cookies,5967,29,4236,50,154,False
SKU02233,Personal Care,Body Wash - Dove,85702,67,28281,100,0,True
SKU00762,"Dairy & Bread",Skimmed Milk Powder,53301,27,38909,200,0,True
SKU02213,Personal Care,Face Cream - Olay,59437,0,59437,200,137,False
SKU00618,"Dairy & Bread",Pav - Ladi,47038,34,31045,400,90,False
SKU00551,"Dairy & Bread","Curd - Plain (400g)",20344,4,19530,200,73,False
SKU01725,"Cleaning & Household",Hit Cockroach Spray,44826,14,38550,200,194,False
SKU01723,"Cleaning & Household",Hit Cockroach Spray,11764,38,7293,400,150,False
SKU01424,Beverages,Coconut Water - Raw Pressery,40946,36,26205,500,169,False
SKU03260,Pet Care,Pedigree Dog Food - Veg,34162,7,31770,1000,0,True
SKU02869,"Bakery & Biscuits",Butter Cookies - Danish,16196,50,8098,300,0,True
SKU00050,"Fruits & Vegetables",Coriander Leaves,20779,22,16207,1500,142,False
SKU03010,Baby Care,Pampers Diapers - S,79651,,53366,500,121,False
SKU02931,"Bakery & Biscuits",Bagel - Plain,14804,8,13619,100,0,True
SKU01588,"Cleaning & Household",Surf Excel Matic Top Load,23195,29,16468,400,25,False
SKU00215,"Fruits & Vegetables",Sweet Corn,7524,3,7298,500,133,False
SKU01545,"Cleaning & Household",Vim Dishwash Gel - Lemon,74442,0,74442,200,0,True
SKU01718,"Cleaning & Household",Mosquito Repellent - Good Knight,18238,51,8936,750,155,False
SKU02506,"Instant & Frozen Food",Idli Batter - iD,21284,16,17878,200,165,False
SKU02452,"Instant & Frozen Food",Muesli - Bagrry's,34632,25,25974,1000,181,False
SKU01075,"Snacks & Munchies",Bisk Farm Cream Cracker,12732,17,10567,50,199,False
SKU01293,Beverages,Red Bull 250ml,11286,10,10157,200,0,True
SKU00533,"Dairy & Bread",Britannia Cheese Slices,23316,12,20518,500,195,False
SKU00172,"Fruits & Vegetables",Cabbage,10100,21,7979,250,86,False
SKU01977,Personal Care,Pantene Conditioner,19531,19,15820,500,164,False
SKU01273,Beverages,Tropicana Orange 1L,38296,,36764,350,17,False
SKU02617,"Instant & Frozen Food",Frozen Momos - Wo Momo,47847,24,36363,1000,0,True
SKU00457,"Fruits & Vegetables",Sweet Potato,13952,33,9347,250,190,False
SKU00635,"Dairy & Bread",Amul Cream - Fresh,32931,0,32931,500,78,False
SKU01010,"Snacks & Munchies",Jim Jam Biscuit,24044,15,20437,150,39,False
SKU00971,"Snacks & Munchies","Hide & Seek",14287,21,11286,400,0,True
SKU03321,Pet Care,Cat Litter - Clumping,133768,30,93637,1000,121,False
SKU02513,"Instant & Frozen Food",Idli Batter - iD,8938,28,6435,400,74,False
SKU00696,"Dairy & Bread",Flavoured Yogurt - Mango,7706,,5471,100,70,False
SKU01460,Beverages,Nimbu Pani - Concentrate,42238,34,27877,200,0,True
SKU00860,"Snacks & Munchies",Kurkure Masala Munch,20997,30,14697,150,167,False
SKU03012,Baby Care,Pampers Diapers - S,183975,19,149019,100,40,False
SKU03192,Baby Care,Teether,132926,29,94377,400,88,False
SKU03182,Baby Care,Sippy Cup,24616,6,23139,200,165,False
SKU03361,Pet Care,Dog Biscuit - Milk Bone,101371,3,98329,1000,178,False
SKU01435,Beverages,Kombucha - Bombucha,52500,23,40425,750,196,False
SKU02455,"Instant & Frozen Food",Muesli - Bagrry's,24935,18,20446,400,0,True
SKU02069,Personal Care,Dove Beauty Bar,19929,16,16740,200,155,False
SKU02846,"Bakery & Biscuits",Nan Khatai,29874,33,20015,60,0,True
SKU00369,"Fruits & Vegetables",Watermelon,13440,25,10080,250,127,False
SKU01451,Beverages,Jaljeera Drink,35530,0,35530,350,0,True
SKU02366,"Instant & Frozen Food",Frozen Peas - Safal,47176,1,46704,200,58,False
SKU02770,"Bakery & Biscuits",Patties - Chicken,3477,16,2920,300,137,False
SKU00443,"Fruits & Vegetables",Dragon Fruit,3505,29,2488,1000,0,True
SKU01519,Beverages,Glucon-D Orange,56954,24,43285,200,15,False
SKU01229,Beverages,Frooti Mango 200ml,28687,12,25244,200,56,False
SKU00341,"Fruits & Vegetables","Mint Leaves (Pudina)",24576,23,18923,500,0,True
SKU03016,Baby Care,Pampers Diapers - S,12506,26,9254,400,178,False
SKU03056,Baby Care,MamyPoko Pants - L,85686,-9,82258,400,187,False
SKU03135,Baby Care,Baby Soap - Dove,44670,33,29928,100,110,False
SKU02871,"Bakery & Biscuits",Butter Cookies - Danish,1896,13,1649,40,0,True
SKU02776,"Bakery & Biscuits",Donut - Glazed,30798,23,23714,100,0,True
SKU02038,Personal Care,Garnier Face Wash - Men,58707,35,38159,100,3,False
SKU01483,Beverages,Protein Shake - MuscleBlaze,8771,28,6315,250,0,True
SKU02815,"Bakery & Biscuits",Rusk - Premium,24511,24,18628,300,73,False
SKU00406,"Fruits & Vegetables",Kiwi - Green,10121,21,7995,1000,106,False
SKU00675,"Dairy & Bread",Flavoured Yogurt - Strawberry,4714,11,4195,1000,17,False
SKU03430,Pet Care,Hamster Food,122299,50,61149,1000,178,False
SKU02567,"Instant & Frozen Food",Atta Noodles - Patanjali,10691,69,3314,140,61,False
SKU00334,"Fruits & Vegetables","Mint Leaves (Pudina)",7323,20,5858,250,92,False
SKU02400,"Instant & Frozen Food",Frozen Fish Fingers,35159,16,29533,70,20,False
SKU00625,"Dairy & Bread",Pav - Ladi,14487,35,9416,1000,133,False
SKU02845,"Bakery & Biscuits",Nan Khatai,28776,7,26761,300,145,False
SKU01872,"Cleaning & Household",Drain Cleaner,31584,14,27162,500,73,False
SKU03292,Pet Care,Royal Canin - Maxi Adult,89676,27,65463,100,0,True
SKU02727,"Bakery & Biscuits",Bun - Sweet,24780,19,20071,100,13,False
SKU01408,Beverages,Cold Coffee - Starbucks,4080,10,3672,1000,174,False
SKU03168,Baby Care,Baby Feeding Bottle,157059,20,125647,500,36,False
SKU00796,"Dairy & Bread",Shrikhand - Kesar,23237,28,16730,100,192,False
SKU01697,"Cleaning & Household",Toilet Paper - 4 Pack,6608,13,5748,200,24,False
SKU00789,"Dairy & Bread",Buttermilk - Masala,2560,21,2022,200,186,False
SKU00346,"Fruits & Vegetables",Curry Leaves,18735,25,14051,1000,139,False
SKU01428,Beverages,Kombucha - Bombucha,25870,27,18885,500,32,False
SKU02596,"Instant & Frozen Food",Instant Rice - Minute,7120,10,6408,500,175,False
SKU00198,"Fruits & Vegetables","Spinach (Palak)",7755,,7522,1000,99,False
SKU03247,Pet Care,Pedigree Dog Food - Chicken,55467,12,48810,3000,52,False
SKU03127,Baby Care,Baby Lotion - Himalaya,163445,27,119314,100,105,False
SKU02521,"Instant & Frozen Food",Frozen Samosa,7553,24,5740,500,133,False
SKU01208,Beverages,Thums Up 750ml,12073,16,10141,350,13,False
SKU03335,Pet Care,Dog Shampoo,34515,49,17602,3000,0,True
SKU00652,"Dairy & Bread",Cheese Spread - Amul,9464,55,4258,500,110,False
SKU01232,Beverages,Maaza Mango 600ml,41087,14,35334,350,13,False
SKU00926,"Snacks & Munchies",Cornitos Nachos,14604,21,11537,30,185,False
SKU00817,"Dairy & Bread",Dahi - Set,34722,16,29166,200,44,False
SKU01602,"Cleaning & Household",Tide Detergent Powder,39262,56,17275,200,0,True
SKU02341,"Instant & Frozen Food",Haldiram's Frozen Paratha,2328,34,1536,70,64,False
SKU02697,"Bakery & Biscuits",Bread Roll,17959,16,15085,40,157,False
SKU01831,"Cleaning & Household",Steel Wool,41089,12,36158,500,192,False
SKU02937,"Bakery & Biscuits",Cinnamon Roll,15312,5,14546,150,190,False
SKU01814,"Cleaning & Household",Bleach - Robin,71666,26,53032,750,199,False
SKU00664,"Dairy & Bread",Hung Curd,52809,50,26404,100,0,True
SKU00517,"Dairy & Bread",Amul Butter - 100g,17033,70,5109,1000,0,True
SKU02556,"Instant & Frozen Food",Roti - Multigrain,25411,0,25411,140,33,False
SKU00523,"Dairy & Bread",Amul Butter - 100g,46517,19,37678,400,0,True
SKU01662,"Cleaning & Household",Garbage Bags - Large,44641,59,18302,400,149,False
SKU01067,"Snacks & Munchies",Bisk Farm Cream Cracker,4947,9,4501,90,0,True
SKU01074,"Snacks & Munchies",Bisk Farm Cream Cracker,15563,16,13072,90,0,True
SKU02004,Personal Care,Nivea Body Lotion,26360,25,19770,500,0,True
SKU00570,"Dairy & Bread",Paneer - Fresh,3746,34,2472,200,0,True
SKU02166,Personal Care,Cotton Balls,93555,14,80457,250,80,False
SKU01578,"Cleaning & Household",Harpic Toilet Cleaner,30193,26,22342,1000,14,False
SKU00893,"Snacks & Munchies",Pringles Original,36605,19,29650,150,131,False
SKU02456,"Instant & Frozen Food",Muesli - Bagrry's,49615,5,47134,500,136,False
SKU00666,"Dairy & Bread",Hung Curd,32507,57,13978,500,74,False
SKU02598,"Instant & Frozen Food",Instant Rice - Minute,22419,34,14796,200,0,True
SKU03301,Pet Care,Royal Canin - Maxi Adult,123774,61,48271,1000,149,False
SKU03316,Pet Care,Drools Dog Treat,146018,21,115354,200,50,False
SKU01620,"Cleaning & Household",Colin Glass Cleaner,13937,28,10034,500,0,True
SKU03226,Baby Care,Baby Towel,6092,70,1827,100,0,True
SKU02772,"Bakery & Biscuits",Patties - Chicken,30872,3,29945,150,7,False
SKU02669,"Bakery & Biscuits",Muffin - Blueberry,11554,2,11322,150,21,False
SKU01675,"Cleaning & Household",Aluminium Foil - 9m,75271,20,60216,400,110,False
SKU00243,"Fruits & Vegetables",Mango - Alphonso,18545,5,17617,250,0,True
SKU03040,Baby Care,Huggies Diapers - S,65441,24,49735,400,71,False
SKU02573,"Instant & Frozen Food",Atta Noodles - Patanjali,21812,25,16359,140,0,True
SKU02327,"Instant & Frozen Food",MTR Ready-to-Eat Rajma,11527,1,11411,200,2,False
SKU00287,"Fruits & Vegetables",Mushroom - Button,8582,69,2660,,89,False
SKU00694,"Dairy & Bread",Flavoured Yogurt - Mango,9052,30,6336,400,25,False
SKU01077,"Snacks & Munchies",Bisk Farm Cream Cracker,23441,35,15236,150,134,False
SKU02602,"Instant & Frozen Food",Instant Rice - Minute,9649,19,7815,400,161,False
SKU01579,"Cleaning & Household",Harpic Toilet Cleaner,42123,27,30749,500,130,False
SKU03436,Pet Care,Hamster Food,96955,30,67868,400,132,False
SKU00871,"Snacks & Munchies",Bingo Mad Angles,15973,33,10701,200,191,False
SKU00562,"Dairy & Bread",Paneer - Fresh,38479,32,26165,1000,44,False
SKU01982,Personal Care,Pantene Conditioner,96112,25,72084,500,151,False
SKU02269,Personal Care,Nail Cutter,89336,22,69682,500,33,False
SKU02975,Baby Care,Cerelac - Wheat Apple,153410,14,131932,200,164,False
SKU02725,"Bakery & Biscuits",Bun - Sweet,32232,3,31265,,0,True
SKU01262,Beverages,Tropicana Orange 1L,1331,4,1277,200,35,False
SKU00908,"Snacks & Munchies",Doritos Nacho Cheese,7907,21,6246,400,85,False
SKU00427,"Fruits & Vegetables",Avocado,24576,18,20152,,107,False
SKU03130,Baby Care,Baby Soap - Dove,89792,8,82608,200,46,False
SKU02107,Personal Care,Gillette Shaving Foam,58775,37,37028,500,0,True
SKU01984,Personal Care,Pantene Conditioner,104390,29,74116,500,192,False
SKU01395,Beverages,Filter Coffee Decoction,28561,35,18564,250,104,False
SKU00344,"Fruits & Vegetables",Curry Leaves,5483,,4057,500,63,False
SKU01204,Beverages,Sprite 750ml,21768,50,10884,250,192,False
SKU02073,Personal Care,Dove Beauty Bar,21376,30,14963,200,0,True
SKU00128,"Fruits & Vegetables",Lemon,16480,23,12689,1500,68,False
SKU02421,"Instant & Frozen Food",Instant Pasta - Knorr,3168,17,2629,500,84,False
SKU03069,Baby Care,Baby Wipes - Johnson's,96882,2,94944,200,151,False
SKU00430,"Fruits & Vegetables",Dragon Fruit,19830,26,14674,2000,103,False
SKU02032,Personal Care,Ponds Face Wash,41128,38,25499,50,80,False
SKU01227,Beverages,Frooti Mango 200ml,45034,21,35576,500,0,True
SKU03357,Pet Care,Dog Biscuit - Milk Bone,47724,22,37224,500,1,False
SKU02198,Personal Care,Lip Balm - Nivea,76535,5,72708,,119,False
SKU00466,"Fruits & Vegetables",Radish,19685,9,17913,1000,141,False
SKU01699,"Cleaning & Household",Toilet Paper - 4 Pack,40609,69,12588,200,0,True
SKU01987,Personal Care,Hair Oil - Parachute Coconut,95934,16,80584,200,86,False
SKU02528,"Instant & Frozen Food",Frozen Samosa,29114,47,15430,500,0,True
SKU01432,Beverages,Kombucha - Bombucha,1855,33,1242,200,0,True
SKU00723,"Dairy & Bread",Whipped Cream,43748,35,28436,1000,45,False
SKU00538,"Dairy & Bread",Britannia Cheese Slices,7865,21,6213,1000,44,False
SKU02787,"Bakery & Biscuits",Donut - Glazed,34954,26,25865,150,0,True
SKU01433,Beverages,Kombucha - Bombucha,52367,13,45559,200,169,False
SKU00607,"Dairy & Bread","Bread - Brown (Harvest Gold)",34907,6,32812,500,167,False
SKU00428,"Fruits & Vegetables",Avocado,5686,1,5629,250,40,False
SKU01702,"Cleaning & Household",Toilet Paper - 4 Pack,75365,27,55016,750,175,False
SKU01343,Beverages,Kinley Water 500ml,10661,40,6396,1000,0,True
SKU01667,"Cleaning & Household",Garbage Bags - Large,52678,10,47410,750,11,False
SKU03141,Baby Care,Baby Soap - Dove,190481,26,140955,500,117,False
SKU01145,"Snacks & Munchies",Peanut Butter Cups,9658,51,4732,150,0,True
SKU01959,Personal Care,"Head & Shoulders Shampoo",101309,52,48628,250,23,False
SKU01092,"Snacks & Munchies",Roasted Almonds - Salted,15973,4,15334,200,122,False
SKU02863,"Bakery & Biscuits",Butter Cookies - Danish,27325,0,27325,100,41,False
SKU00596,"Dairy & Bread","Bread - White (Britannia)",41065,54,18889,100,197,False
SKU02224,Personal Care,Face Cream - Olay,60789,11,54102,250,68,False
SKU00488,"Dairy & Bread",Amul Taaza Toned Milk,18595,31,12830,1000,190,False
SKU02478,"Instant & Frozen Food",Poha - Instant,1620,23,1247,50,163,False
SKU00948,"Snacks & Munchies",Parle Rusk,13575,20,10860,30,78,False
SKU01291,Beverages,Red Bull 250ml,44124,10,39711,500,50,False
SKU02807,"Bakery & Biscuits",Swiss Roll,22208,44,12436,300,200,False
SKU02462,"Instant & Frozen Food",Cornflakes - Kellogg's,9704,28,6986,400,0,True
SKU02379,"Instant & Frozen Food",Frozen Mixed Vegetables,3625,18,2972,500,30,False
SKU01169,"Snacks & Munchies",Mathri,28864,0,28864,150,98,False
SKU03345,Pet Care,Cat Shampoo,53555,3,51948,3000,6,False
SKU01751,"Cleaning & Household",Hand Wash - Dettol,56820,5,53979,400,137,False
SKU01989,Personal Care,Hair Oil - Parachute Coconut,101517,21,80198,,146,False
SKU01130,"Snacks & Munchies",Protein Bar - Yoga Bar,36207,25,27155,30,89,False
SKU00858,"Snacks & Munchies",Kurkure Masala Munch,21464,9,19532,400,147,False
SKU00502,"Dairy & Bread",Mother Dairy Full Cream Milk,44969,15,38223,1000,91,False
SKU00575,"Dairy & Bread",Amul Masti Buttermilk,27778,24,21111,400,108,False
SKU00872,"Snacks & Munchies",Bingo Mad Angles,26394,27,19267,50,80,False
SKU00448,"Fruits & Vegetables",Sweet Potato,10890,,8603,,193,False
SKU02275,"Instant & Frozen Food",Maggi 2-Minute Noodles,14723,16,12367,140,129,False
SKU02451,"Instant & Frozen Food",Muesli - Bagrry's,48135,15,40914,400,89,False
SKU02410,"Instant & Frozen Food",Instant Pasta - Knorr,9171,24,6969,400,107,False
SKU00947,"Snacks & Munchies",Bikaji Bhujia Sev,31979,12,28141,150,174,False
SKU03423,Pet Care,Bird Seed Mix,67706,35,44008,200,0,True
SKU00362,"Fruits & Vegetables","Amla (Indian Gooseberry)",13723,22,10703,1500,22,False
SKU03261,Pet Care,Pedigree Dog Food - Veg,58314,10,52482,500,127,False
SKU03011,Baby Care,Pampers Diapers - S,11459,13,9969,300,39,False
SKU03027,Baby Care,Pampers Diapers - L,78983,9,71874,400,109,False
SKU01066,"Snacks & Munchies",Bisk Farm Cream Cracker,33512,8,30831,,192,False
SKU02890,"Bakery & Biscuits",Biscotti,25948,9,23612,300,25,False
SKU00337,"Fruits & Vegetables","Mint Leaves (Pudina)",21199,28,15263,,34,False
SKU00329,"Fruits & Vegetables",Drumstick,8570,28,6170,2000,0,True
SKU02302,"Instant & Frozen Food",Top Ramen - Curry,23454,14,20170,70,60,False
SKU00768,"Dairy & Bread",Condensed Milk - Milkmaid,3235,10,2911,,198,False
SKU01174,"Snacks & Munchies",Mathri,28346,29,20125,50,5,False
SKU00119,"Fruits & Vegetables",Cucumber,17123,66,5821,1500,114,False
SKU03104,Baby Care,Baby Powder - Johnson's,174664,34,115278,500,82,False
SKU00526,"Dairy & Bread",Amul Butter - 100g,4002,32,2721,1000,0,True
SKU01593,"Cleaning & Household",Surf Excel Matic Top Load,8990,25,6742,400,0,True
SKU02547,"Instant & Frozen Food",Chapati - Ready to Eat,14161,60,5664,1000,0,True
SKU03400,Pet Care,Dog Toy - Ball,70685,5,67150,3000,147,False
SKU03370,Pet Care,Pet Bowl - Steel,28970,3,28100,3000,0,True
SKU01950,Personal Care,"Head & Shoulders Shampoo",10729,,9977,100,102,False
SKU03470,Pet Care,Tick Spray,10471,7,9738,3000,75,False
SKU00272,"Fruits & Vegetables",Papaya,24694,69,7655,500,150,False
SKU02560,"Instant & Frozen Food",Roti - Multigrain,10314,31,7116,400,193,False
SKU01453,Beverages,Jaljeera Drink,15729,9,14313,350,197,False
SKU01797,"Cleaning & Household",Dustpan,50156,21,39623,200,17,False
SKU03324,Pet Care,Cat Litter - Clumping,23928,22,18663,100,24,False
SKU02572,"Instant & Frozen Food",Atta Noodles - Patanjali,46690,18,38285,1000,165,False
SKU00677,"Dairy & Bread",Flavoured Yogurt - Strawberry,3466,30,2426,500,122,False
SKU01265,Beverages,Tropicana Orange 1L,52956,15,45012,500,105,False
SKU01754,"Cleaning & Household",Hand Wash - Dettol,68606,15,58315,200,176,False
SKU00963,"Snacks & Munchies",Monaco Biscuit,36117,17,29977,30,137,False
SKU00857,"Snacks & Munchies",Kurkure Masala Munch,1442,32,980,200,0,True
SKU00537,"Dairy & Bread",Britannia Cheese Slices,5706,15,4850,200,92,False
SKU01060,"Snacks & Munchies",Good Day Butter Cookies,34961,19,28318,90,76,False
SKU01206,Beverages,Sprite 750ml,55930,10,50337,500,57,False
SKU02239,Personal Care,Body Wash - Dove,0,38,0,75,104,False
SKU01385,Beverages,Filter Coffee Decoction,57941,30,40558,250,34,False
SKU02448,"Instant & Frozen Food",Oats - Quaker,18774,34,12390,500,0,True
SKU01128,"Snacks & Munchies",Protein Bar - Yoga Bar,27122,37,17086,90,142,False
SKU01544,"Cleaning & Household",Vim Dishwash Gel - Lemon,43135,5,40978,750,131,False
SKU00193,"Fruits & Vegetables","Spinach (Palak)",19719,5,18733,1000,108,False
SKU02335,"Instant & Frozen Food",MTR Ready-to-Eat Dal Fry,0,10,0,400,14,False
SKU01450,Beverages,Jaljeera Drink,12196,12,10732,350,153,False
SKU03369,Pet Care,Pet Bowl - Steel,18900,28,13608,200,157,False
SKU00507,"Dairy & Bread",Amul Gold Milk,5337,34,3522,1000,117,False
SKU00543,"Dairy & Bread","Curd - Plain (400g)",15004,30,10502,1000,40,False
SKU01398,Beverages,Filter Coffee Decoction,23099,22,18017,500,0,True
SKU01840,"Cleaning & Household",Dish Cloth - 3 Pack,31462,4,30203,750,148,False
SKU02835,"Bakery & Biscuits",Cake Rusk - Britannia,34326,5,32609,60,62,False
SKU03341,Pet Care,Cat Shampoo,52630,35,34209,500,109,False
SKU02350,"Instant & Frozen Food",Haldiram's Frozen Paratha,28276,11,25165,140,59,False
SKU01916,Personal Care,Sensodyne Rapid Relief,69054,26,51099,50,145,False
SKU00634,"Dairy & Bread",Milk Bread,10053,,7037,100,87,False
SKU01233,Beverages,Maaza Mango 600ml,49539,53,23283,350,198,False
SKU03245,Pet Care,Pedigree Dog Food - Chicken,74175,44,41538,500,199,False
SKU00387,"Fruits & Vegetables",Guava,20079,8,18472,2000,0,True
SKU03457,Pet Care,Flea Collar - Dog,12570,22,9804,1000,78,False
SKU01967,Personal Care,Dove Shampoo - Daily Shine,6299,16,5291,500,85,False
SKU03018,Baby Care,Pampers Diapers - M,81435,20,65148,400,41,False
SKU01176,"Snacks & Munchies",Mathri,38352,34,25312,30,36,False
SKU00671,"Dairy & Bread",Hung Curd,24893,15,21159,500,89,False
SKU02935,"Bakery & Biscuits",Bagel - Plain,20849,11,18555,200,16,False
SKU03181,Baby Care,Sippy Cup,72312,24,54957,400,27,False
SKU01740,"Cleaning & Household",Phenyl - White,63280,17,52522,2000,93,False
SKU03300,Pet Care,Royal Canin - Maxi Adult,139654,20,111723,400,177,False
SKU03397,Pet Care,Dog Toy - Ball,127612,18,104641,400,0,True
SKU01571,"Cleaning & Household",Harpic Toilet Cleaner,14271,1,14128,200,88,False
SKU01468,Beverages,Nimbu Pani - Concentrate,20596,24,15652,200,0,True
SKU00752,"Dairy & Bread",Skimmed Milk Powder,33518,24,25473,100,127,False
SKU01287,Beverages,Paper Boat Aam Panna,12320,13,10718,750,29,False
SKU00142,"Fruits & Vegetables",Garlic,15193,45,8356,1500,91,False
SKU00277,"Fruits & Vegetables",Mushroom - Button,4325,25,3243,250,138,False
SKU02095,Personal Care,Lifebuoy Handwash Refill,37939,48,19728,,0,True
SKU00516,"Dairy & Bread",Amul Gold Milk,3115,10,2803,100,68,False
SKU01804,"Cleaning & Household",Fabric Softener - Comfort,59190,35,38473,500,0,True
SKU00754,"Dairy & Bread",Skimmed Milk Powder,11342,11,10094,200,130,False
SKU03008,Baby Care,Nan Pro 2,165649,16,139145,400,114,False
SKU01958,Personal Care,"Head & Shoulders Shampoo",81918,32,55704,50,68,False
SKU02221,Personal Care,Face Cream - Olay,102418,,91152,100,0,True
SKU00386,"Fruits & Vegetables",Guava,16621,13,14460,1500,33,False
SKU00701,"Dairy & Bread","Lassi - Mango (Amul)",42283,52,20295,100,93,False
SKU00571,"Dairy & Bread",Amul Masti Buttermilk,7816,15,6643,400,81,False
SKU03070,Baby Care,Baby Wipes - Johnson's,97716,23,75241,400,0,True
SKU03249,Pet Care,Pedigree Dog Food - Chicken,81643,13,71029,400,77,False
SKU03268,Pet Care,Whiskas Cat Food - Tuna,131262,63,48566,500,0,True
SKU01381,Beverages,Chamomile Tea - Twinings,1006,2,985,350,8,False
SKU02286,"Instant & Frozen Food",Yippee Noodles - Classic,9987,20,7989,500,41,False
SKU00499,"Dairy & Bread",Mother Dairy Full Cream Milk,48289,8,44425,200,53,False
SKU02634,"Bakery & Biscuits",Britannia Cake - Chocolate,7194,25,5395,300,128,False
SKU01860,"Cleaning & Household",Rat Trap - Glue,51465,5,48891,750,98,False
SKU01122,"Snacks & Munchies","Fox Nuts (Makhana)",35586,18,29180,400,193,False
SKU01498,Beverages,Bournvita 500g,42448,29,30138,750,0,True
SKU01323,Beverages,Sting Energy Drink,31219,9,28409,500,74,False
SKU01078,"Snacks & Munchies",Trail Mix - Dry Fruits,29840,11,26557,50,49,False
SKU02000,Personal Care,Nivea Body Lotion,0,19,0,150,93,False
SKU01569,"Cleaning & Household",Harpic Toilet Cleaner,63946,24,48598,750,196,False
SKU00476,"Fruits & Vegetables",Spring Onion,9715,7,9034,2000,0,True
SKU00021,"Fruits & Vegetables",Potato,13463,57,5789,250,0,True
SKU01888,"Cleaning & Household",Glass Wiper,8519,30,5963,400,0,True
SKU01221,Beverages,Frooti Mango 200ml,17413,7,16194,500,55,False
SKU02529,"Instant & Frozen Food",Frozen Samosa,44965,51,22032,140,20,False
SKU03090,Baby Care,Baby Oil - Johnson's,195801,35,127270,200,117,False
SKU02317,"Instant & Frozen Food",MTR Ready-to-Eat Rajma,39399,20,31519,140,69,False
SKU02136,Personal Care,Perfume - Wild Stone,30772,,30156,75,173,False
SKU01275,Beverages,Tropicana Orange 1L,0,33,0,500,88,False
SKU02288,"Instant & Frozen Food",Yippee Noodles - Classic,5455,62,2072,50,147,False
SKU00453,"Fruits & Vegetables",Sweet Potato,15636,24,11883,250,190,False
SKU02217,Personal Care,Face Cream - Olay,79937,14,68745,500,111,False
SKU00776,"Dairy & Bread","Ghee - Amul (500ml)",30494,16,25614,1000,0,True
SKU03126,Baby Care,Baby Lotion - Himalaya,78077,28,56215,100,71,False
SKU01271,Beverages,Tropicana Orange 1L,36519,,11320,250,53,False
SKU03145,Baby Care,Diaper Rash Cream,168849,58,70916,,0,True
SKU02908,"Bakery & Biscuits",Sourdough Bread,16260,14,13983,150,0,True
SKU01104,"Snacks & Munchies",Cashew Nuts - W320,18506,25,13879,,188,False
SKU01965,Personal Care,Dove Shampoo - Daily Shine,58941,35,38311,50,0,True
SKU00801,"Dairy & Bread",Shrikhand - Kesar,7724,24,5870,200,166,False
SKU03114,Baby Care,Baby Powder - Johnson's,106934,30,74853,100,38,False
SKU01131,"Snacks & Munchies",Protein Bar - Yoga Bar,34925,5,33178,50,22,False
SKU02684,"Bakery & Biscuits",Brownie - Chocolate,6908,5,6562,150,16,False
SKU02915,"Bakery & Biscuits",Focaccia Bread,25618,13,22287,40,143,False
SKU00028,"Fruits & Vegetables",Potato,7197,22,5613,2000,44,False
SKU01921,Personal Care,Sensodyne Rapid Relief,115277,,109513,100,50,False
SKU03450,Pet Care,Pet Carrier - Small,18947,30,13262,500,190,False
SKU02902,"Bakery & Biscuits",Croissant - Plain,4157,55,1870,150,185,False
SKU00585,"Dairy & Bread",Amul Masti Buttermilk,39996,55,17998,200,0,True
SKU03403,Pet Care,Fish Food - Taiyo,43746,37,27559,,70,False
SKU02283,"Instant & Frozen Food",Maggi 2-Minute Noodles,27885,22,21750,140,47,False
SKU03017,Baby Care,Pampers Diapers - M,149946,8,137950,300,109,False
SKU03110,Baby Care,Baby Powder - Johnson's,77222,13,67183,400,107,False
SKU01592,"Cleaning & Household",Surf Excel Matic Top Load,41825,24,31787,2000,37,False
SKU01116,"Snacks & Munchies","Fox Nuts (Makhana)",36585,45,20121,,90,False
SKU01416,Beverages,Coconut Water - Raw Pressery,1244,34,821,1000,49,False
SKU02044,Personal Care,Garnier Face Wash - Men,67168,8,61794,100,1,False
SKU01363,Beverages,Green Tea - Lipton,20470,26,15147,500,96,False
SKU03199,Baby Care,Baby Blanket,116894,41,68967,200,185,False
SKU00738,"Dairy & Bread",Paneer - Malai,38653,34,25510,100,73,False
SKU01272,Beverages,Tropicana Orange 1L,24898,32,16930,250,81,False
SKU02738,"Bakery & Biscuits",Khari Biscuit,22116,0,22116,300,37,False
SKU01267,Beverages,Tropicana Orange 1L,18781,28,13522,750,50,False
SKU02917,"Bakery & Biscuits",Focaccia Bread,6801,19,5508,300,0,True
SKU03123,Baby Care,Baby Lotion - Himalaya,56339,31,38873,100,115,False
SKU02404,"Instant & Frozen Food",Frozen Fish Fingers,48763,16,40960,500,52,False
SKU01522,Beverages,Glucon-D Orange,40493,49,20651,750,0,True
SKU01547,"Cleaning & Household",Vim Dishwash Gel - Lemon,65585,20,52468,400,43,False
SKU02717,"Bakery & Biscuits",Pizza Base,16421,41,9688,100,132,False
SKU00497,"Dairy & Bread",Mother Dairy Full Cream Milk,4104,22,3201,200,25,False
SKU01612,"Cleaning & Household",Colin Glass Cleaner,57156,,53155,2000,71,False
SKU02481,"Instant & Frozen Food",Upma Mix - MTR,27170,25,20377,1000,97,False
SKU01440,Beverages,Lassi - Sweet,41757,33,27977,200,155,False
SKU00969,"Snacks & Munchies","Hide & Seek",16925,35,11001,200,35,False
SKU00383,"Fruits & Vegetables",Guava,2319,33,1553,500,0,True
SKU00809,"Dairy & Bread",Shrikhand - Kesar,41869,4,40194,200,112,False
SKU02606,"Instant & Frozen Food",Instant Rice - Minute,22096,25,16572,1000,157,False
SKU03143,Baby Care,Diaper Rash Cream,110773,9,100803,300,132,False
SKU03196,Baby Care,Baby Blanket,66825,25,50118,300,64,False
SKU02680,"Bakery & Biscuits",Brownie - Chocolate,31989,34,21112,,0,True
SKU01687,"Cleaning & Household",Paper Towel Roll,59441,,42203,200,0,True
SKU03392,Pet Care,Dog Toy - Ball,29350,-5,24947,100,35,False
SKU02587,"Instant & Frozen Food",Vermicelli - Bambino,30886,63,11427,70,8,False
SKU01710,"Cleaning & Household",Room Freshener - Odonil,23037,33,15434,400,38,False
SKU00811,"Dairy & Bread",Dahi - Set,53779,3,52165,100,81,False
SKU03049,Baby Care,MamyPoko Pants - M,32443,9,29523,500,0,True
SKU02786,"Bakery & Biscuits",Donut - Glazed,16329,14,14042,200,123,False
SKU01069,"Snacks & Munchies",Bisk Farm Cream Cracker,25663,,17707,30,184,False
SKU01701,"Cleaning & Household",Toilet Paper - 4 Pack,4221,11,3756,500,13,False
SKU00115,"Fruits & Vegetables",Cucumber,20493,34,13525,2000,120,False
SKU02989,Baby Care,Lactogen 1,11461,21,9054,300,0,True
SKU00695,"Dairy & Bread",Flavoured Yogurt - Mango,52926,20,42340,200,0,True
SKU01058,"Snacks & Munchies",Good Day Butter Cookies,3337,30,2335,90,0,True
SKU00184,"Fruits & Vegetables",Cauliflower,9448,11,8408,1000,184,False
SKU02099,Personal Care,Gillette Mach3 Razor,109494,10,98544,500,188,False
SKU00836,"Dairy & Bread",Milkshake - Chocolate,28580,5,27151,500,61,False
SKU00506,"Dairy & Bread",Amul Gold Milk,46198,21,36496,400,44,False
SKU00187,"Fruits & Vegetables","Spinach (Palak)",21724,16,18248,1000,25,False
SKU00509,"Dairy & Bread",Amul Gold Milk,27350,22,21333,200,104,False
SKU02714,"Bakery & Biscuits",Pizza Base,19878,5,18884,150,116,False
SKU01211,Beverages,Thums Up 750ml,23823,21,18820,500,0,True
SKU03419,Pet Care,Bird Seed Mix,70740,22,55177,400,162,False
SKU02476,"Instant & Frozen Food",Poha - Instant,20629,,16915,50,136,False
SKU00956,"Snacks & Munchies",Parle Rusk,6615,45,3638,150,76,False
SKU02898,"Bakery & Biscuits",Croissant - Plain,8087,32,5499,,19,False
SKU01629,"Cleaning & Household",Domex Toilet Cleaner,14613,9,13297,,99,False
SKU00639,"Dairy & Bread",Amul Cream - Fresh,41308,62,15697,1000,0,True
SKU02114,Personal Care,Gillette Shaving Foam,12649,59,5186,75,0,True
SKU02730,"Bakery & Biscuits",Bun - Sweet,15893,19,12873,40,111,False
SKU00257,"Fruits & Vegetables",Grapes - Green,23471,8,21593,250,38,False
SKU02723,"Bakery & Biscuits",Bun - Sweet,23344,8,21476,100,0,True
SKU02901,"Bakery & Biscuits",Croissant - Plain,4752,34,3136,60,34,False
SKU02205,Personal Care,Lip Balm - Nivea,91757,25,68817,200,41,False
SKU03365,Pet Care,Pet Bowl - Steel,22864,,16919,500,0,True
SKU03152,Baby Care,Gripe Water - Woodward's,131006,,95634,100,147,False
SKU03037,Baby Care,Huggies Diapers - S,141171,19,114348,,197,False
SKU00042,"Fruits & Vegetables",Green Chilli,21643,2,21210,1000,177,False
SKU03455,Pet Care,Flea Collar - Dog,75610,,68049,500,0,True
SKU00018,"Fruits & Vegetables",Tomato - Hybrid,24429,,12703,1000,32,False
SKU00847,"Snacks & Munchies",Lay's Classic Salted,0,32,0,90,61,False
SKU00810,"Dairy & Bread",Dahi - Set,38932,,30366,1000,163,False
SKU02939,"Bakery & Biscuits",Cinnamon Roll,33436,57,14377,60,0,True
SKU02401,"Instant & Frozen Food",Frozen Fish Fingers,2899,28,2087,1000,87,False
SKU02367,"Instant & Frozen Food",Frozen Peas - Safal,3966,2,3886,400,0,True
SKU03434,Pet Care,Hamster Food,97122,19,78668,500,89,False
SKU02299,"Instant & Frozen Food",Top Ramen - Curry,29202,30,20441,400,177,False
SKU01810,"Cleaning & Household",Fabric Softener - Comfort,72198,27,52704,750,0,True
SKU02077,Personal Care,Dove Beauty Bar,115853,34,76462,200,0,True
SKU02653,"Bakery & Biscuits",Treat Croissant - Chocolate,22459,0,22459,100,136,False
SKU03263,Pet Care,Pedigree Dog Food - Veg,46086,20,36868,100,65,False
SKU00009,"Fruits & Vegetables",Tomato - Hybrid,11859,35,7708,1500,112,False
SKU01760,"Cleaning & Household",Sanitizer - Lifebuoy,18723,6,17599,2000,96,False
SKU02794,"Bakery & Biscuits",Cup Cake - Vanilla,33878,19,27441,200,139,False
SKU01617,"Cleaning & Household",Colin Glass Cleaner,56731,38,35173,400,69,False
SKU03250,Pet Care,Pedigree Dog Food - Veg,102085,28,73501,500,4,False
SKU00278,"Fruits & Vegetables",Mushroom - Button,5463,,3605,250,143,False
SKU01962,Personal Care,Dove Shampoo - Daily Shine,48283,,44420,100,184,False
SKU00355,"Fruits & Vegetables",Curry Leaves,6196,-1,5700,1000,186,False
SKU00265,"Fruits & Vegetables",Papaya,7457,23,5741,1500,0,True
SKU00255,"Fruits & Vegetables",Grapes - Green,11391,15,9682,1500,0,True
SKU00458,"Fruits & Vegetables",Sweet Potato,14073,36,9006,250,71,False
SKU00039,"Fruits & Vegetables",Green Chilli,7825,1,7746,500,54,False
SKU02435,"Instant & Frozen Food","Soup - Knorr Hot & Sour",13917,17,11551,50,0,True
SKU02557,"Instant & Frozen Food",Roti - Multigrain,15659,52,7516,400,159,False
SKU03009,Baby Care,Pampers Diapers - S,191212,23,147233,400,149,False
SKU00394,"Fruits & Vegetables",Pineapple,21724,1,21506,1000,148,False
SKU03356,Pet Care,Dog Biscuit - Milk Bone,36599,10,32939,200,36,False
SKU02885,"Bakery & Biscuits",Wafer - Chocolate,9126,69,2829,300,0,True
SKU00520,"Dairy & Bread",Amul Butter - 100g,54633,34,36057,500,0,True
SKU01173,"Snacks & Munchies",Mathri,26748,9,24340,50,125,False
SKU01721,"Cleaning & Household",Mosquito Repellent - Good Knight,58181,,50617,750,188,False
SKU02627,"Bakery & Biscuits",Britannia Cake - Chocolate,7723,49,3938,,124,False
SKU02942,"Bakery & Biscuits",Cinnamon Roll,6156,56,2708,40,0,True
SKU00486,"Fruits & Vegetables",Spring Onion,13413,14,11535,1500,107,False
SKU01910,Personal Care,Colgate MaxFresh Toothpaste,109599,12,96447,150,65,False
SKU02882,"Bakery & Biscuits",Wafer - Chocolate,13819,34,9120,40,190,False
SKU00702,"Dairy & Bread","Lassi - Mango (Amul)",53874,11,47947,400,0,True
SKU01107,"Snacks & Munchies",Cashew Nuts - W320,19119,34,12618,90,0,True
SKU02105,Personal Care,Gillette Shaving Foam,82991,7,77181,500,159,False
SKU00833,"Dairy & Bread",Milkshake - Chocolate,40414,0,40414,400,128,False
SKU00559,"Dairy & Bread",Paneer - Fresh,40829,32,27763,500,0,True
SKU02074,Personal Care,Dove Beauty Bar,24485,35,15915,500,23,False
SKU00720,"Dairy & Bread",Whipped Cream,15839,0,15839,400,81,False
SKU01462,Beverages,Nimbu Pani - Concentrate,1993,1,1973,350,0,True
SKU01341,Beverages,Kinley Water 500ml,29475,20,23580,1000,181,False
SKU02244,Personal Care,Talcum Powder - Ponds,47889,21,37832,200,61,False
SKU01954,Personal Care,"Head & Shoulders Shampoo",84131,29,59733,200,106,False
SKU01614,"Cleaning & Household",Colin Glass Cleaner,53158,35,34552,200,0,True
SKU02930,"Bakery & Biscuits",Bagel - Plain,28847,40,17308,300,183,False
SKU00844,"Snacks & Munchies",Lay's Classic Salted,2107,6,1980,30,0,True
SKU00503,"Dairy & Bread",Mother Dairy Full Cream Milk,7012,2,6871,500,67,False
SKU03156,Baby Care,Gripe Water - Woodward's,184912,0,184912,300,1,False
SKU01006,"Snacks & Munchies",Dark Fantasy,27814,31,19191,200,68,False
SKU00955,"Snacks & Munchies",Parle Rusk,31700,25,23775,400,0,True
SKU00495,"Dairy & Bread",Amul Taaza Toned Milk,27728,1,27450,100,0,True
SKU00958,"Snacks & Munchies",Monaco Biscuit,17220,27,12570,400,0,True
SKU03291,Pet Care,Royal Canin - Maxi Adult,121807,54,56031,3000,107,False
SKU00328,"Fruits & Vegetables",Drumstick,5432,6,5106,500,130,False
SKU03105,Baby Care,Baby Powder - Johnson's,186318,33,124833,200,0,True
SKU03296,Pet Care,Royal Canin - Maxi Adult,21190,16,17799,100,157,False
SKU03431,Pet Care,Hamster Food,46753,23,35999,400,0,True
SKU02446,"Instant & Frozen Food",Oats - Quaker,36116,20,28892,500,65,False
SKU01609,"Cleaning & Household",Tide Detergent Powder,21612,7,20099,750,50,False
SKU01115,"Snacks & Munchies","Fox Nuts (Makhana)",9096,59,3729,90,0,True
SKU03429,Pet Care,Hamster Food,100798,,88702,500,137,False
SKU01813,"Cleaning & Household",Bleach - Robin,24772,23,19074,400,0,True
SKU00691,"Dairy & Bread",Flavoured Yogurt - Mango,26446,38,16396,100,82,False
SKU02941,"Bakery & Biscuits",Cinnamon Roll,30035,9,27331,,66,False
SKU01610,"Cleaning & Household",Tide Detergent Powder,3214,12,2828,200,116,False
SKU02433,"Instant & Frozen Food","Soup - Knorr Hot & Sour",27457,25,20592,1000,80,False
SKU03200,Baby Care,Baby Blanket,186430,5,177108,500,110,False
SKU00863,"Snacks & Munchies",Kurkure Masala Munch,15689,44,8785,200,13,False
SKU00921,"Snacks & Munchies",Cornitos Nachos,16709,8,15372,400,11,False
SKU02686,"Bakery & Biscuits",Brownie - Chocolate,22312,33,14949,60,154,False
SKU02012,Personal Care,Nivea Body Lotion,39975,9,36377,200,56,False
SKU02732,"Bakery & Biscuits",Khari Biscuit,20407,8,18774,150,0,True
SKU00421,"Fruits & Vegetables",Avocado,15425,15,13111,500,86,False
SKU02211,Personal Care,Lip Balm - Nivea,12680,12,11158,150,123,False
SKU00496,"Dairy & Bread",Mother Dairy Full Cream Milk,45372,1,44918,400,0,True
SKU02980,Baby Care,Cerelac - Rice,32323,17,26828,400,101,False
SKU01151,"Snacks & Munchies",Peanut Butter Cups,31585,1,31269,400,0,True
SKU01091,"Snacks & Munchies",Roasted Almonds - Salted,13651,23,10511,150,0,True
SKU01742,"Cleaning & Household",Phenyl - White,62119,61,24226,1000,0,True
SKU00385,"Fruits & Vegetables",Guava,23803,27,17376,1500,91,False
SKU01838,"Cleaning & Household",Dish Cloth - 3 Pack,18674,0,18674,200,0,True
SKU00611,"Dairy & Bread","Bread - Brown (Harvest Gold)",10935,34,7217,200,25,False
SKU00511,"Dairy & Bread",Amul Gold Milk,3548,55,1596,400,0,True
SKU02389,"Instant & Frozen Food",Frozen Chicken Nuggets,46434,14,39933,1000,0,True
SKU00530,"Dairy & Bread",Britannia Cheese Slices,8484,1,8399,500,146,False
SKU00001,"Fruits & Vegetables",Onion,13828,14,11892,2000,52,False
SKU01741,"Cleaning & Household",Phenyl - White,66721,19,54044,750,110,False
SKU01017,"Snacks & Munchies",Jim Jam Biscuit,35259,24,26796,50,161,False
SKU02522,"Instant & Frozen Food",Frozen Samosa,28682,5,27247,70,0,True
SKU00942,"Snacks & Munchies",Bikaji Bhujia Sev,23634,2,23161,150,144,False
SKU02345,"Instant & Frozen Food",Haldiram's Frozen Paratha,22178,39,13528,1000,71,False
SKU01315,Beverages,Sting Energy Drink,51712,47,27407,350,0,True
SKU02747,"Bakery & Biscuits",Cream Roll,18917,11,16836,40,0,True
SKU03389,Pet Care,Cat Toy - Mouse,125544,7,116755,3000,137,False
SKU01407,Beverages,Cold Coffee - Starbucks,2482,24,1886,200,54,False
SKU00171,"Fruits & Vegetables",Cabbage,18100,44,10136,1000,0,True
SKU01234,Beverages,Maaza Mango 600ml,9156,11,8148,500,130,False
SKU01864,"Cleaning & Household",Rat Trap - Glue,46572,0,46572,,123,False
SKU02375,"Instant & Frozen Food",Frozen Mixed Vegetables,13501,20,10800,140,177,False
SKU01907,Personal Care,Colgate MaxFresh Toothpaste,21670,48,11268,100,128,False
SKU02203,Personal Care,Lip Balm - Nivea,75405,32,51275,75,185,False
SKU01393,Beverages,Filter Coffee Decoction,17583,8,16176,500,53,False
SKU03050,Baby Care,MamyPoko Pants - M,196894,4,189018,100,165,False
SKU01473,Beverages,Protein Shake - MuscleBlaze,52667,,38446,500,151,False
SKU02620,"Instant & Frozen Food",Frozen Momos - Wo Momo,47141,63,17442,50,0,True
SKU02200,Personal Care,Lip Balm - Nivea,82391,9,74975,,189,False
SKU03089,Baby Care,Baby Shampoo - Johnson's,50081,29,35557,100,88,False
SKU01362,Beverages,Green Tea - Lipton,30141,12,26524,1000,0,True
SKU03323,Pet Care,Cat Litter - Clumping,31268,32,21262,500,76,False
SKU02893,"Bakery & Biscuits",Biscotti,21050,32,14313,100,0,True
SKU02688,"Bakery & Biscuits",Brownie - Chocolate,33057,27,24131,300,156,False
SKU02593,"Instant & Frozen Food",Vermicelli - Bambino,23230,38,14402,200,54,False
SKU00954,"Snacks & Munchies",Parle Rusk,21264,4,20413,,58,False
SKU01630,"Cleaning & Household",Domex Toilet Cleaner,30316,21,23949,200,3,False
SKU02892,"Bakery & Biscuits",Biscotti,28495,,20801,200,135,False
SKU00223,"Fruits & Vegetables",Tender Coconut,24262,5,23048,500,193,False
SKU01900,Personal Care,Colgate MaxFresh Toothpaste,44910,6,42215,150,50,False
SKU02409,"Instant & Frozen Food",Instant Pasta - Knorr,26746,21,21129,500,96,False
SKU02637,"Bakery & Biscuits",Parle-G Biscuit,34796,35,22617,40,124,False
SKU02228,Personal Care,Body Wash - Dove,97908,0,97908,250,44,False
SKU01583,"Cleaning & Household",Surf Excel Matic Top Load,64540,33,43241,2000,87,False
SKU01808,"Cleaning & Household",Fabric Softener - Comfort,11051,17,9172,2000,68,False
SKU02555,"Instant & Frozen Food",Roti - Multigrain,42004,13,36543,500,0,True
SKU01448,Beverages,Jaljeera Drink,57989,,17396,200,0,True
SKU00514,"Dairy & Bread",Amul Gold Milk,22712,49,11583,500,0,True
SKU01657,"Cleaning & Household",Garbage Bags - Large,68884,,50285,500,116,False
SKU01587,"Cleaning & Household",Surf Excel Matic Top Load,33362,,19683,400,69,False
SKU02594,"Instant & Frozen Food",Vermicelli - Bambino,8575,8,7889,500,79,False
SKU02496,"Instant & Frozen Food",Dosa Batter - iD,37911,4,36394,200,155,False
SKU00685,"Dairy & Bread",Flavoured Yogurt - Mango,48972,16,41136,400,112,False
SKU00425,"Fruits & Vegetables",Avocado,1500,49,765,2000,0,True
SKU02913,"Bakery & Biscuits",Sourdough Bread,2180,18,1787,100,0,True
SKU01403,Beverages,Cold Coffee - Starbucks,11271,,7326,1000,47,False
SKU01807,"Cleaning & Household",Fabric Softener - Comfort,25435,30,17804,500,0,True
SKU02231,Personal Care,Body Wash - Dove,86600,52,41568,200,114,False
SKU02264,Personal Care,Nail Cutter,7762,50,3881,100,65,False
SKU03469,Pet Care,Tick Spray,142431,,142431,200,0,True
SKU00814,"Dairy & Bread",Dahi - Set,45110,9,41050,400,98,False
SKU00599,"Dairy & Bread","Bread - White (Britannia)",37735,41,22263,100,77,False
SKU03424,Pet Care,Bird Seed Mix,104462,2,102372,200,15,False
SKU02289,"Instant & Frozen Food",Yippee Noodles - Classic,48913,22,38152,1000,0,True
SKU00166,"Fruits & Vegetables",Cabbage,16437,14,14135,1500,134,False
SKU01927,Personal Care,Oral-B Toothbrush,50817,20,40653,150,112,False
SKU00359,"Fruits & Vegetables","Amla (Indian Gooseberry)",20528,12,18064,2000,0,True
SKU00717,"Dairy & Bread",Cream Cheese,8926,31,6158,500,0,True
SKU02718,"Bakery & Biscuits",Pizza Base,3968,14,3412,150,176,False
SKU00056,"Fruits & Vegetables",Coriander Leaves,17474,15,14852,250,138,False
SKU02035,Personal Care,Ponds Face Wash,73132,0,73132,250,100,False
SKU01765,"Cleaning & Household",Sanitizer - Lifebuoy,76195,0,76195,400,61,False
SKU00025,"Fruits & Vegetables",Potato,17122,5,16265,2000,18,False
SKU00150,"Fruits & Vegetables",Beetroot,8420,31,5809,500,15,False
SKU00825,"Dairy & Bread",Dahi - Set,11406,30,7984,100,69,False
SKU03052,Baby Care,MamyPoko Pants - M,64591,26,47797,,0,True
SKU03029,Baby Care,Pampers Diapers - L,47925,9,43611,500,194,False
SKU01162,"Snacks & Munchies",Mathri,15582,26,11530,30,32,False
SKU00174,"Fruits & Vegetables",Cauliflower,21276,27,15531,2000,20,False
SKU00227,"Fruits & Vegetables",Tender Coconut,16349,6,15368,250,100,False
SKU01191,Beverages,Pepsi 750ml,34433,30,24103,1000,0,True
SKU00539,"Dairy & Bread","Curd - Plain (400g)",25631,17,21273,400,0,True
SKU01549,"Cleaning & Household",Vim Dishwash Gel - Lemon,13772,,10053,400,173,False
SKU01744,"Cleaning & Household",Hand Wash - Dettol,78292,58,32882,2000,101,False
SKU03284,Pet Care,Whiskas Cat Food - Chicken,53094,26,39289,,38,False
SKU02210,Personal Care,Lip Balm - Nivea,46935,23,36139,250,184,False
SKU02193,Personal Care,Wet Wipes - Himalaya,81155,7,75474,,160,False
SKU02708,"Bakery & Biscuits",Pizza Base,0,12,0,60,43,False
SKU02471,"Instant & Frozen Food",Poha - Instant,45449,7,42267,500,42,False
SKU00016,"Fruits & Vegetables",Tomato - Hybrid,1738,7,1616,2000,47,False
SKU00379,"Fruits & Vegetables",Watermelon,21976,35,14284,2000,191,False
SKU00146,"Fruits & Vegetables",Garlic,8830,1,8741,1000,53,False
SKU02645,"Bakery & Biscuits",Tiger Glucose Biscuit,22737,23,17507,100,77,False
SKU01820,"Cleaning & Household",Bleach - Robin,78374,70,23512,1000,170,False
SKU02508,"Instant & Frozen Food",Idli Batter - iD,13399,50,6699,,16,False
SKU00201,"Fruits & Vegetables","Spinach (Palak)",23974,24,18220,250,25,False
SKU03274,Pet Care,Whiskas Cat Food - Tuna,79446,70,23833,400,71,False
SKU02924,"Bakery & Biscuits",Focaccia Bread,20777,16,17452,200,87,False
SKU02336,"Instant & Frozen Food",MTR Ready-to-Eat Dal Fry,41407,8,38094,140,110,False
SKU00868,"Snacks & Munchies",Bingo Mad Angles,5125,17,4253,200,177,False
SKU00592,"Dairy & Bread",Greek Yogurt - Plain,46346,5,44028,500,0,True
SKU02829,"Bakery & Biscuits",Rusk - Premium,9873,64,3554,60,0,True
SKU00686,"Dairy & Bread",Flavoured Yogurt - Mango,27926,24,21223,100,180,False
SKU03003,Baby Care,Nan Pro 2,72955,54,33559,500,0,True
SKU00462,"Fruits & Vegetables",Radish,23760,3,23047,2000,0,True
SKU01684,"Cleaning & Household",Cling Wrap,71407,32,48556,200,126,False
SKU00423,"Fruits & Vegetables",Avocado,19725,11,17555,1500,193,False
SKU01533,Beverages,Instant Coffee - Nescafe,17568,2,17216,750,86,False
SKU03220,Baby Care,Baby Bib,45312,22,35343,100,16,False
SKU00936,"Snacks & Munchies",Too Yumm Multigrain,35582,17,29533,200,130,False
SKU00035,"Fruits & Vegetables",Green Chilli,1620,7,1506,500,0,True
SKU03448,Pet Care,Pet Carrier - Small,54188,2,53104,400,158,False
SKU02290,"Instant & Frozen Food",Yippee Noodles - Classic,36778,18,30157,500,3,False
SKU02420,"Instant & Frozen Food",Instant Pasta - Knorr,21234,69,6582,500,0,True
SKU00709,"Dairy & Bread","Lassi - Mango (Amul)",26569,7,24709,100,113,False
SKU02569,"Instant & Frozen Food",Atta Noodles - Patanjali,42651,20,34120,50,86,False
SKU00305,"Fruits & Vegetables","Bottle Gourd (Lauki)",21580,33,14458,1000,0,True
SKU02385,"Instant & Frozen Food",Frozen Chicken Nuggets,45631,3,44262,200,0,True
SKU01494,Beverages,Horlicks 500g,15442,10,13897,750,111,False
SKU01146,"Snacks & Munchies",Peanut Butter Cups,11226,53,5276,200,0,True
SKU00706,"Dairy & Bread","Lassi - Mango (Amul)",50704,,36506,500,0,True
SKU02690,"Bakery & Biscuits",Bread Roll,29116,30,20381,60,79,False
SKU01088,"Snacks & Munchies",Trail Mix - Dry Fruits,15780,16,13255,200,67,False
SKU02370,"Instant & Frozen Food",Frozen Peas - Safal,15412,13,13408,140,14,False
SKU01073,"Snacks & Munchies",Bisk Farm Cream Cracker,30114,30,21079,90,182,False
SKU00106,"Fruits & Vegetables","Ladies Finger (Bhindi)",18918,32,12864,2000,159,False
SKU02057,Personal Care,Dettol Soap - 125g,38392,60,15356,50,54,False
SKU01833,"Cleaning & Household",Steel Wool,65697,63,24307,750,0,True
SKU02271,"Instant & Frozen Food",Maggi 2-Minute Noodles,26891,21,21243,1000,0,True
SKU01168,"Snacks & Munchies",Mathri,12839,0,12839,200,86,False
SKU03032,Baby Care,Pampers Diapers - L,151498,0,151498,100,0,True
SKU02068,Personal Care,Dove Beauty Bar,10417,27,7604,150,37,False
SKU02706,"Bakery & Biscuits",Garlic Bread - Frozen,4862,61,1896,40,160,False
SKU03207,Baby Care,Baby Bib,170041,35,110526,100,88,False
SKU02157,Personal Care,Cotton Balls,37926,25,28444,250,93,False
SKU02009,Personal Care,Nivea Body Lotion,119819,5,113828,50,38,False
SKU01100,"Snacks & Munchies",Roasted Almonds - Salted,21386,20,17108,150,77,False
SKU00545,"Dairy & Bread","Curd - Plain (400g)",15998,15,13598,200,127,False
SKU00371,"Fruits & Vegetables",Watermelon,14068,2,13786,1000,138,False
SKU01775,"Cleaning & Household",Mop Refill,69382,5,65912,750,134,False
SKU00224,"Fruits & Vegetables",Tender Coconut,3791,21,2994,250,34,False
SKU03071,Baby Care,Baby Wipes - Johnson's,132326,16,111153,400,180,False
SKU01790,"Cleaning & Household",Dustpan,59336,16,49842,1000,0,True
SKU02378,"Instant & Frozen Food",Frozen Mixed Vegetables,17148,,11832,50,120,False
SKU00574,"Dairy & Bread",Amul Masti Buttermilk,24570,35,15970,500,142,False
SKU03054,Baby Care,MamyPoko Pants - M,106308,1,105244,500,131,False
SKU02089,Personal Care,Lifebuoy Handwash Refill,13350,22,10413,250,88,False
SKU03447,Pet Care,Pet Carrier - Small,31888,27,23278,400,76,False
SKU01032,"Snacks & Munchies",Nutri Choice Digestive,26067,18,21374,200,175,False
SKU00845,"Snacks & Munchies",Lay's Classic Salted,36781,21,29056,90,0,True
SKU00642,"Dairy & Bread",Amul Cream - Fresh,46772,25,35079,200,96,False
SKU01894,"Cleaning & Household",Glass Wiper,42314,2,41467,400,66,False
SKU00076,"Fruits & Vegetables",Apple - Shimla,9612,37,6055,1500,199,False
SKU01274,Beverages,Tropicana Orange 1L,4456,29,3163,1000,82,False
SKU03471,Pet Care,Tick Spray,8542,21,6748,1000,0,True
SKU00967,"Snacks & Munchies","Hide & Seek",26674,48,13870,150,125,False
SKU03386,Pet Care,Cat Toy - Mouse,42216,10,37994,1000,0,True
SKU03467,Pet Care,Tick Spray,52984,24,40267,100,138,False
SKU00415,"Fruits & Vegetables",Kiwi - Green,8756,,8055,500,66,False
SKU00026,"Fruits & Vegetables",Potato,24271,35,15776,500,0,True
SKU02833,"Bakery & Biscuits",Cake Rusk - Britannia,22489,50,11244,40,118,False
SKU01348,Beverages,Kinley Water 500ml,33864,6,31832,350,179,False
SKU00102,"Fruits & Vegetables","Ladies Finger (Bhindi)",19023,15,16169,1500,0,True
SKU01260,Beverages,Real Juice - Mixed Fruit,44871,5,42627,200,179,False
SKU00855,"Snacks & Munchies",Kurkure Masala Munch,24942,24,18955,200,112,False
SKU01513,Beverages,Glucon-D Orange,56287,10,50658,750,145,False
SKU00098,"Fruits & Vegetables",Capsicum - Green,16080,19,13024,1000,8,False
SKU00111,"Fruits & Vegetables",Cucumber,17804,11,15845,1000,92,False
SKU00393,"Fruits & Vegetables",Pineapple,12574,47,6664,2000,100,False
SKU01500,Beverages,Bournvita 500g,20254,2,19848,200,149,False
SKU03281,Pet Care,Whiskas Cat Food - Chicken,86090,51,42184,400,0,True
SKU01336,Beverages,Bisleri Water 1L,7281,17,6043,750,194,False
SKU00310,"Fruits & Vegetables",Ridge Gourd,18837,26,13939,250,134,False
SKU01443,Beverages,Lassi - Sweet,49644,0,49644,750,91,False
SKU02986,Baby Care,Lactogen 1,88294,49,45029,100,117,False
SKU03462,Pet Care,Flea Collar - Dog,15971,17,13255,3000,170,False
SKU01365,Beverages,Green Tea - Lipton,11864,7,11033,500,33,False
SKU00846,"Snacks & Munchies",Lay's Classic Salted,22883,29,16246,30,14,False
SKU03038,Baby Care,Huggies Diapers - S,147931,33,99113,400,98,False
SKU00576,"Dairy & Bread",Amul Masti Buttermilk,15848,,15848,,0,True
SKU00767,"Dairy & Bread",Condensed Milk - Milkmaid,19327,20,15461,200,180,False
SKU02354,"Instant & Frozen Food",McCain French Fries,12445,19,10080,400,90,False
SKU00093,"Fruits & Vegetables",Carrot - Ooty,16071,17,13338,1000,0,True
SKU03355,Pet Care,Dog Biscuit - Milk Bone,36469,26,26987,200,110,False
SKU00564,"Dairy & Bread",Paneer - Fresh,41002,3,39771,500,19,False
SKU00322,"Fruits & Vegetables",Drumstick,19451,3,18867,250,132,False
SKU00567,"Dairy & Bread",Paneer - Fresh,40331,54,18552,100,0,True
SKU00254,"Fruits & Vegetables",Mango - Alphonso,19283,57,8291,1000,132,False
SKU01254,Beverages,Real Juice - Mixed Fruit,32780,18,26879,350,111,False
SKU02066,Personal Care,Dove Beauty Bar,82573,12,72664,250,135,False
SKU02402,"Instant & Frozen Food",Frozen Fish Fingers,25774,13,22423,50,20,False
SKU00031,"Fruits & Vegetables",Potato,4542,2,4451,1500,0,True
SKU01668,"Cleaning & Household",Aluminium Foil - 9m,49623,5,47141,2000,51,False
SKU00745,"Dairy & Bread",Tofu - Firm,17540,5,16663,500,12,False
SKU01815,"Cleaning & Household",Bleach - Robin,76143,61,29695,1000,0,True
SKU00251,"Fruits & Vegetables",Mango - Alphonso,5039,10,4535,1500,25,False
SKU00408,"Fruits & Vegetables",Kiwi - Green,10226,26,7567,1500,162,False
SKU00615,"Dairy & Bread",Pav - Ladi,24805,9,22572,500,44,False
SKU00398,"Fruits & Vegetables",Pineapple,6191,17,5138,1500,138,False
SKU03444,Pet Care,Pet Carrier - Small,116980,4,112300,1000,126,False
SKU02386,"Instant & Frozen Food",Frozen Chicken Nuggets,7935,22,6189,1000,0,True
SKU01918,Personal Care,Sensodyne Rapid Relief,114277,23,87993,500,0,True
SKU02120,Personal Care,Deodorant - Fogg,100799,5,95759,50,0,True
SKU00307,"Fruits & Vegetables",Ridge Gourd,17954,9,16338,500,0,True
SKU03416,Pet Care,Bird Seed Mix,93175,16,78267,100,177,False
SKU02722,"Bakery & Biscuits",Bun - Sweet,15867,28,11424,200,21,False
SKU00820,"Dairy & Bread",Dahi - Set,8779,25,6584,200,1,False
SKU01750,"Cleaning & Household",Hand Wash - Dettol,54190,14,46603,500,0,True
SKU01207,Beverages,Thums Up 750ml,24490,30,17143,500,145,False
SKU02597,"Instant & Frozen Food",Instant Rice - Minute,36085,0,36085,500,4,False
SKU02592,"Instant & Frozen Food",Vermicelli - Bambino,8041,46,4342,70,181,False
SKU00807,"Dairy & Bread",Shrikhand - Kesar,22099,24,16795,400,0,True
SKU02156,Personal Care,Cotton Balls,68496,0,68496,50,30,False
SKU02153,Personal Care,Cotton Balls,46488,69,14411,500,191,False
SKU00733,"Dairy & Bread",Whipped Cream,38069,39,23222,400,144,False
SKU00997,"Snacks & Munchies",Bourbon Biscuit,27707,14,23828,,84,False
SKU02108,Personal Care,Gillette Shaving Foam,86642,68,27725,500,56,False
SKU02918,"Bakery & Biscuits",Focaccia Bread,8341,28,6005,40,138,False
SKU00209,"Fruits & Vegetables",Brinjal,4216,5,4005,1000,0,True
SKU00941,"Snacks & Munchies",Bikaji Bhujia Sev,3941,17,3271,50,0,True
SKU01147,"Snacks & Munchies",Peanut Butter Cups,30629,4,29403,200,41,False
SKU01884,"Cleaning & Household",Drain Cleaner,66032,10,59428,750,125,False
SKU01664,"Cleaning & Household",Garbage Bags - Large,64438,45,35440,500,20,False
SKU00222,"Fruits & Vegetables",Tender Coconut,19814,17,16445,500,0,True
SKU01425,Beverages,Coconut Water - Raw Pressery,56984,34,37609,,81,False
SKU02408,"Instant & Frozen Food",Frozen Fish Fingers,1978,5,1879,140,60,False
SKU03028,Baby Care,Pampers Diapers - L,56192,20,44953,100,0,True
SKU01319,Beverages,Sting Energy Drink,29321,3,28441,750,180,False
SKU02967,Baby Care,Cerelac - Wheat Apple,39163,8,36029,300,96,False
SKU03336,Pet Care,Dog Shampoo,22751,,18428,200,0,True
SKU01095,"Snacks & Munchies",Roasted Almonds - Salted,39680,56,17459,90,39,False
SKU00949,"Snacks & Munchies",Parle Rusk,13079,24,9940,90,171,False
SKU00590,"Dairy & Bread",Greek Yogurt - Plain,38913,22,30352,100,184,False
SKU02267,Personal Care,Nail Cutter,97554,30,68287,250,0,True
SKU02191,Personal Care,Wet Wipes - Himalaya,80985,,76935,75,120,False
SKU00141,"Fruits & Vegetables",Garlic,10620,0,10620,2000,189,False
SKU00759,"Dairy & Bread",Skimmed Milk Powder,8512,10,7660,400,32,False
SKU00755,"Dairy & Bread",Skimmed Milk Powder,33390,37,21035,100,116,False
SKU02285,"Instant & Frozen Food",Yippee Noodles - Classic,42487,43,24217,1000,194,False
SKU01915,Personal Care,Sensodyne Rapid Relief,90270,6,84853,250,0,True
SKU02929,"Bakery & Biscuits",Bagel - Plain,20978,56,9230,60,0,True
SKU00081,"Fruits & Vegetables",Apple - Shimla,4129,5,3922,500,0,True
SKU01024,"Snacks & Munchies",Jim Jam Biscuit,9315,23,7172,30,0,True
SKU02391,"Instant & Frozen Food",Frozen Chicken Nuggets,28302,21,22358,400,122,False
SKU01388,Beverages,Filter Coffee Decoction,51104,3,49570,1000,92,False
SKU03328,Pet Care,Cat Litter - Clumping,100569,-10,98557,200,145,False
SKU03276,Pet Care,Whiskas Cat Food - Chicken,129866,12,114282,500,197,False
SKU01337,Beverages,Bisleri Water 1L,48804,3,47339,350,41,False
SKU02388,"Instant & Frozen Food",Frozen Chicken Nuggets,26358,-4,22404,500,2,False
SKU01482,Beverages,Protein Shake - MuscleBlaze,8997,4,8637,1000,90,False
SKU02630,"Bakery & Biscuits",Britannia Cake - Chocolate,8198,32,5574,300,63,False
SKU02683,"Bakery & Biscuits",Brownie - Chocolate,14361,13,12494,,96,False
SKU02906,"Bakery & Biscuits",Sourdough Bread,17991,13,15652,200,148,False
SKU00842,"Snacks & Munchies",Lay's Classic Salted,26985,65,9444,30,0,True
SKU01203,Beverages,Sprite 750ml,10851,6,10199,250,91,False
SKU01746,"Cleaning & Household",Hand Wash - Dettol,73574,12,64745,400,113,False
SKU01691,"Cleaning & Household",Paper Towel Roll,20070,15,17059,,38,False
SKU02245,Personal Care,Talcum Powder - Ponds,54585,56,24017,75,0,True
SKU03371,Pet Care,Dog Leash,110553,7,102814,3000,77,False
SKU00350,"Fruits & Vegetables",Curry Leaves,15160,3,14705,500,179,False
SKU00647,"Dairy & Bread",Cheese Spread - Amul,32025,32,21776,1000,164,False
SKU03302,Pet Care,Royal Canin - Maxi Adult,26209,14,22539,3000,133,False
SKU00885,"Snacks & Munchies",Haldiram's Aloo Bhujia,19851,28,14292,,104,False
SKU00662,"Dairy & Bread",Hung Curd,2754,67,908,100,0,True
SKU02582,"Instant & Frozen Food",Pasta - Barilla Penne,15127,24,11496,140,48,False
SKU00469,"Fruits & Vegetables",Radish,17575,23,13532,2000,59,False
SKU02178,Personal Care,Ear Buds,77345,5,73477,75,200,False
SKU00867,"Snacks & Munchies",Bingo Mad Angles,39971,53,18786,400,76,False
SKU01396,Beverages,Filter Coffee Decoction,22747,39,13875,350,106,False
SKU02498,"Instant & Frozen Food",Dosa Batter - iD,27708,5,26322,140,59,False
SKU01109,"Snacks & Munchies",Cashew Nuts - W320,35687,30,24980,200,113,False
SKU03147,Baby Care,Diaper Rash Cream,47138,0,47138,100,183,False
SKU03298,Pet Care,Royal Canin - Maxi Adult,50481,5,47956,200,0,True
SKU02460,"Instant & Frozen Food",Muesli - Bagrry's,49932,4,47934,70,2,False
SKU01830,"Cleaning & Household",Steel Wool,45122,68,14439,500,179,False
SKU02146,Personal Care,Sanitary Pads - Whisper,69833,22,54469,250,5,False
SKU02760,"Bakery & Biscuits",Puff - Veg,18301,2,17934,200,90,False
SKU02811,"Bakery & Biscuits",Swiss Roll,18049,10,16244,200,77,False
SKU01198,Beverages,Pepsi 750ml,28671,1,28384,500,89,False
SKU02867,"Bakery & Biscuits",Butter Cookies - Danish,1587,65,555,200,0,True
SKU02235,Personal Care,Body Wash - Dove,26871,36,17197,150,0,True
SKU01353,Beverages,Tonic Water - Schweppes,39724,34,26217,350,176,False
SKU02329,"Instant & Frozen Food",MTR Ready-to-Eat Dal Fry,34232,31,23620,1000,0,True
SKU01953,Personal Care,"Head & Shoulders Shampoo",43656,,32305,50,32,False
SKU00442,"Fruits & Vegetables",Dragon Fruit,23082,61,9001,1000,0,True
SKU02709,"Bakery & Biscuits",Pizza Base,14942,28,10758,60,32,False
SKU01335,Beverages,Bisleri Water 1L,8322,31,5742,750,54,False
SKU01471,Beverages,Nimbu Pani - Concentrate,10169,37,6406,350,0,True
SKU03280,Pet Care,Whiskas Cat Food - Chicken,141575,8,130249,400,136,False
SKU02524,"Instant & Frozen Food",Frozen Samosa,23931,26,17708,140,173,False
SKU01142,"Snacks & Munchies",Peanut Butter Cups,2418,25,1813,150,176,False
SKU02661,"Bakery & Biscuits",Treat Croissant - Chocolate,5971,35,3881,100,0,True
SKU01536,Beverages,Instant Coffee - Nescafe,55165,34,36408,350,0,True
SKU01683,"Cleaning & Household",Cling Wrap,54873,27,40057,400,19,False
SKU00057,"Fruits & Vegetables",Coriander Leaves,18882,21,14916,250,148,False
SKU02921,"Bakery & Biscuits",Focaccia Bread,11037,,8388,150,85,False
SKU02904,"Bakery & Biscuits",Croissant - Plain,25793,20,20634,40,0,True
SKU00920,"Snacks & Munchies",Cornitos Nachos,17884,8,16453,150,172,False
SKU00697,"Dairy & Bread",Flavoured Yogurt - Mango,34832,,22640,500,67,False
SKU02920,"Bakery & Biscuits",Focaccia Bread,11086,33,7427,200,91,False
SKU00396,"Fruits & Vegetables",Pineapple,17413,7,16194,1500,0,True
SKU00683,"Dairy & Bread",Flavoured Yogurt - Mango,7657,,3522,100,9,False
SKU02332,"Instant & Frozen Food",MTR Ready-to-Eat Dal Fry,33757,0,33757,50,0,True
SKU03150,Baby Care,Gripe Water - Woodward's,47873,,40213,500,197,False
SKU02641,"Bakery & Biscuits",Parle-G Biscuit,28178,,20006,150,0,True
SKU02691,"Bakery & Biscuits",Bread Roll,13467,51,6598,60,0,True
SKU02649,"Bakery & Biscuits",Tiger Glucose Biscuit,32039,,24670,150,47,False
SKU00743,"Dairy & Bread",Tofu - Firm,24444,2,23955,500,133,False
SKU01325,Beverages,Sting Energy Drink,6581,56,2895,750,5,False
SKU02656,"Bakery & Biscuits",Treat Croissant - Chocolate,9969,7,9271,100,0,True
SKU00295,"Fruits & Vegetables",Peas - Green,18302,2,17935,500,146,False
SKU01370,Beverages,Green Tea - Lipton,31594,69,9794,200,175,False
SKU00446,"Fruits & Vegetables",Sweet Potato,17339,17,14391,1500,178,False
SKU00304,"Fruits & Vegetables","Bottle Gourd (Lauki)",23039,26,17048,500,0,True
SKU01263,Beverages,Tropicana Orange 1L,21640,14,18610,200,23,False
SKU02322,"Instant & Frozen Food",MTR Ready-to-Eat Rajma,21128,60,8451,50,102,False
SKU00101,"Fruits & Vegetables",Capsicum - Green,11904,7,11070,500,190,False
SKU02951,"Bakery & Biscuits",Eclair - Chocolate,28426,-6,26151,60,154,False
SKU00407,"Fruits & Vegetables",Kiwi - Green,9515,31,6565,2000,59,False
SKU00069,"Fruits & Vegetables",Banana - Robusta,21215,16,17820,1000,178,False
SKU02756,"Bakery & Biscuits",Puff - Veg,16229,11,14443,60,144,False
SKU01901,Personal Care,Colgate MaxFresh Toothpaste,116253,4,111602,150,0,True
SKU00852,"Snacks & Munchies",Lay's Classic Salted,12682,18,10399,200,156,False
SKU03091,Baby Care,Baby Oil - Johnson's,10956,22,8545,100,0,True
SKU00010,"Fruits & Vegetables",Tomato - Hybrid,0,16,0,1500,92,False
SKU01223,Beverages,Frooti Mango 200ml,0,29,0,350,90,False
SKU03388,Pet Care,Cat Toy - Mouse,18015,34,11889,3000,0,True
SKU03007,Baby Care,Nan Pro 2,86717,27,63303,200,47,False
SKU01222,Beverages,Frooti Mango 200ml,31789,28,22888,350,94,False
SKU02873,"Bakery & Biscuits",Wafer - Chocolate,32031,9,29148,100,110,False
SKU00167,"Fruits & Vegetables",Cabbage,5545,48,2883,2000,0,True
SKU00389,"Fruits & Vegetables",Guava,12527,8,11524,2000,0,True
SKU02765,"Bakery & Biscuits",Patties - Chicken,23390,31,16139,100,92,False
SKU02819,"Bakery & Biscuits",Rusk - Premium,32978,21,26052,,52,False
SKU00231,"Fruits & Vegetables",Pomegranate,13737,20,10989,500,10,False
SKU01373,Beverages,Green Tea - Lipton,9659,30,6761,500,30,False
SKU01021,"Snacks & Munchies",Jim Jam Biscuit,24830,28,17877,90,153,False
SKU01413,Beverages,Coconut Water - Raw Pressery,57476,28,41382,1000,0,True
SKU02368,"Instant & Frozen Food",Frozen Peas - Safal,1528,22,1191,200,101,False
SKU01946,Personal Care,"Head & Shoulders Shampoo",99320,14,85415,250,158,False
SKU03349,Pet Care,Cat Shampoo,95245,23,73338,500,137,False
SKU00859,"Snacks & Munchies",Kurkure Masala Munch,9040,15,7684,400,0,True
SKU03344,Pet Care,Cat Shampoo,34807,34,22972,500,200,False
SKU03435,Pet Care,Hamster Food,119840,56,52729,200,0,True
SKU02880,"Bakery & Biscuits",Wafer - Chocolate,8241,35,5356,150,12,False
SKU01619,"Cleaning & Household",Colin Glass Cleaner,70948,15,60305,200,177,False
SKU00284,"Fruits & Vegetables",Mushroom - Button,13324,27,9726,1500,184,False
SKU01034,"Snacks & Munchies",Nutri Choice Digestive,6425,4,6168,90,145,False
SKU03172,Baby Care,Sippy Cup,173630,64,62506,400,130,False
SKU01342,Beverages,Kinley Water 500ml,42910,25,32182,200,136,False
SKU00131,"Fruits & Vegetables",Ginger,21376,4,20520,1500,121,False
SKU01241,Beverages,Maaza Mango 600ml,27376,23,21079,200,0,True
SKU00216,"Fruits & Vegetables",Sweet Corn,20708,19,16773,1000,0,True
SKU00508,"Dairy & Bread",Amul Gold Milk,43791,29,31091,1000,139,False
SKU01165,"Snacks & Munchies",Mathri,6132,30,4292,,70,False
SKU02610,"Instant & Frozen Food",Frozen Momos - Wo Momo,31160,0,31160,400,108,False
SKU03265,Pet Care,Whiskas Cat Food - Tuna,138884,34,91663,1000,47,False
SKU03081,Baby Care,Baby Shampoo - Johnson's,85182,21,67293,,134,False
SKU02212,Personal Care,Lip Balm - Nivea,87716,15,74558,150,179,False
SKU02862,"Bakery & Biscuits",Butter Cookies - Danish,9466,3,9182,200,87,False
SKU01358,Beverages,Tonic Water - Schweppes,5058,4,4855,250,136,False
SKU00068,"Fruits & Vegetables",Banana - Robusta,17166,20,13732,500,0,True
SKU02889,"Bakery & Biscuits",Biscotti,2356,26,1743,200,0,True
SKU02957,"Bakery & Biscuits",Eclair - Chocolate,13593,16,11418,100,148,False
SKU01053,"Snacks & Munchies",Good Day Butter Cookies,12783,23,9842,200,66,False
SKU01938,Personal Care,Listerine Mouthwash,106994,20,85595,75,0,True
SKU03036,Baby Care,Huggies Diapers - S,154620,14,132973,200,114,False
SKU00439,"Fruits & Vegetables",Dragon Fruit,10900,2,10682,1000,7,False
SKU02865,"Bakery & Biscuits",Butter Cookies - Danish,9158,11,8150,60,135,False
SKU01621,"Cleaning & Household",Colin Glass Cleaner,3057,25,2292,500,135,False
SKU00757,"Dairy & Bread",Skimmed Milk Powder,28560,1,28274,500,45,False
SKU00667,"Dairy & Bread",Hung Curd,30298,10,27268,100,0,True
SKU01806,"Cleaning & Household",Fabric Softener - Comfort,78652,8,72359,200,0,True
SKU01008,"Snacks & Munchies",Dark Fantasy,35663,17,29600,200,0,True
SKU03102,Baby Care,Baby Powder - Johnson's,27114,68,8676,200,170,False
SKU01773,"Cleaning & Household",Mop Refill,38634,33,25884,1000,89,False
SKU02319,"Instant & Frozen Food",MTR Ready-to-Eat Rajma,37619,15,31976,400,91,False
SKU01285,Beverages,Paper Boat Aam Panna,23140,,17123,,64,False
SKU03004,Baby Care,Nan Pro 2,145508,16,122226,300,189,False
SKU02268,Personal Care,Nail Cutter,117266,63,43388,50,121,False
SKU02561,"Instant & Frozen Food",Roti - Multigrain,11877,9,10808,500,90,False
SKU03058,Baby Care,MamyPoko Pants - L,85580,7,79589,500,53,False
SKU02494,"Instant & Frozen Food",Dosa Batter - iD,26903,6,25288,200,50,False
SKU01673,"Cleaning & Household",Aluminium Foil - 9m,29829,62,11335,400,143,False
SKU00606,"Dairy & Bread","Bread - Brown (Harvest Gold)",38349,16,32213,500,21,False
SKU00610,"Dairy & Bread","Bread - Brown (Harvest Gold)",36199,5,34389,500,149,False
SKU00907,"Snacks & Munchies",Doritos Nacho Cheese,36967,19,29943,50,106,False
SKU03100,Baby Care,Baby Oil - Johnson's,159805,31,110265,300,107,False
SKU00582,"Dairy & Bread",Amul Masti Buttermilk,11860,30,8302,100,1,False
SKU02102,Personal Care,Gillette Mach3 Razor,106074,,81676,75,116,False
SKU01515,Beverages,Glucon-D Orange,48622,30,34035,350,113,False
SKU00711,"Dairy & Bread",Cream Cheese,19985,32,13589,200,64,False
SKU01646,"Cleaning & Household",Scotch-Brite Scrub Pad,17011,0,17011,2000,98,False
SKU00463,"Fruits & Vegetables",Radish,23486,,10098,500,20,False
SKU00388,"Fruits & Vegetables",Guava,2018,3,1957,250,0,True
SKU00834,"Dairy & Bread",Milkshake - Chocolate,49103,6,46156,200,32,False
SKU02978,Baby Care,Cerelac - Rice,161999,11,144179,,174,False
SKU03396,Pet Care,Dog Toy - Ball,27288,22,21284,500,50,False
SKU01376,Beverages,Chamomile Tea - Twinings,19000,32,12919,250,112,False
SKU01055,"Snacks & Munchies",Good Day Butter Cookies,35345,2,34638,150,39,False
SKU03236,Pet Care,Pedigree Dog Food - Chicken,51930,31,35831,200,0,True
SKU02700,"Bakery & Biscuits",Garlic Bread - Frozen,28217,5,26806,100,57,False
SKU01932,Personal Care,Oral-B Toothbrush,108691,4,104343,500,0,True
SKU02183,Personal Care,Wet Wipes - Himalaya,18554,11,16513,150,0,True
SKU00052,"Fruits & Vegetables",Coriander Leaves,21389,49,10908,500,0,True
SKU02861,"Bakery & Biscuits",Butter Cookies - Danish,6246,58,2623,200,80,False
SKU02175,Personal Care,Ear Buds,106313,14,91429,200,0,True
SKU02334,"Instant & Frozen Food",MTR Ready-to-Eat Dal Fry,45358,5,43090,200,0,True
SKU00481,"Fruits & Vegetables",Spring Onion,1708,,1571,250,15,False
SKU01990,Personal Care,Hair Oil - Parachute Coconut,95106,54,43748,100,92,False
SKU03026,Baby Care,Pampers Diapers - L,107902,57,46397,300,197,False
SKU00084,"Fruits & Vegetables",Apple - Shimla,18384,30,12868,250,5,False
SKU01212,Beverages,Thums Up 750ml,24717,48,12852,,74,False
SKU02777,"Bakery & Biscuits",Donut - Glazed,8827,22,6885,40,136,False
SKU02849,"Bakery & Biscuits",Nan Khatai,22707,14,19528,60,0,True
SKU02237,Personal Care,Body Wash - Dove,6745,49,3439,75,0,True
SKU01976,Personal Care,Pantene Conditioner,22767,33,15253,500,170,False
SKU03255,Pet Care,Pedigree Dog Food - Veg,102626,16,86205,1000,0,True
SKU01155,"Snacks & Munchies",Namkeen Mixture - Haldiram's,23366,19,18926,400,0,True
SKU02872,"Bakery & Biscuits",Butter Cookies - Danish,8790,34,5801,150,159,False
SKU00306,"Fruits & Vegetables",Ridge Gourd,12552,14,10794,500,93,False
SKU01546,"Cleaning & Household",Vim Dishwash Gel - Lemon,52126,12,45870,200,26,False
SKU00363,"Fruits & Vegetables","Amla (Indian Gooseberry)",15796,18,12952,,71,False
SKU02812,"Bakery & Biscuits",Swiss Roll,5507,21,4350,40,56,False
SKU03101,Baby Care,Baby Oil - Johnson's,31304,35,20347,500,0,True
SKU01643,"Cleaning & Household",Scotch-Brite Scrub Pad,14234,20,11387,400,29,False
SKU02300,"Instant & Frozen Food",Top Ramen - Curry,24384,2,23896,1000,17,False
SKU00660,"Dairy & Bread",Hung Curd,53831,5,51139,,178,False
SKU00856,"Snacks & Munchies",Kurkure Masala Munch,37078,9,33740,400,137,False
SKU02160,Personal Care,Cotton Balls,88113,1,87231,250,114,False
SKU01197,Beverages,Pepsi 750ml,8680,17,7204,350,0,True
SKU02347,"Instant & Frozen Food",Haldiram's Frozen Paratha,42370,4,40675,70,0,True
SKU02757,"Bakery & Biscuits",Puff - Veg,34632,6,32554,60,135,False
SKU01652,"Cleaning & Household",Scotch-Brite Scrub Pad,26166,6,24596,200,7,False
SKU02477,"Instant & Frozen Food",Poha - Instant,31096,,21456,70,175,False
SKU00782,"Dairy & Bread","Ghee - Amul (500ml)",3560,22,2776,200,112,False
SKU02042,Personal Care,Garnier Face Wash - Men,32085,49,16363,75,99,False
SKU02051,Personal Care,Sunscreen - Lakme SPF50,53336,26,39468,150,44,False
SKU00604,"Dairy & Bread","Bread - White (Britannia)",12735,,11970,200,131,False
SKU02745,"Bakery & Biscuits",Cream Roll,10284,6,9666,100,189,False
SKU02503,"Instant & Frozen Food",Idli Batter - iD,22417,66,7621,,0,True
SKU01955,Personal Care,"Head & Shoulders Shampoo",0,22,0,100,86,False
SKU02658,"Bakery & Biscuits",Treat Croissant - Chocolate,5627,32,3826,150,0,True
SKU02639,"Bakery & Biscuits",Parle-G Biscuit,32799,31,22631,150,123,False
SKU02836,"Bakery & Biscuits",Cake Rusk - Britannia,1759,36,1125,150,147,False
SKU02844,"Bakery & Biscuits",Nan Khatai,30335,26,22447,150,95,False
SKU00206,"Fruits & Vegetables",Brinjal,15804,63,5847,250,0,True
SKU01245,Beverages,Maaza Mango 600ml,0,12,0,350,69,False
SKU02393,"Instant & Frozen Food",Frozen Fish Fingers,10432,,7302,500,122,False
SKU01649,"Cleaning & Household",Scotch-Brite Scrub Pad,27618,34,18227,500,0,True
SKU03215,Baby Care,Baby Bib,94908,,33217,500,0,True
SKU00372,"Fruits & Vegetables",Watermelon,18445,23,14202,500,0,True
SKU01171,"Snacks & Munchies",Mathri,18469,22,14405,50,68,False
SKU00581,"Dairy & Bread",Amul Masti Buttermilk,54777,40,32866,1000,51,False
SKU01793,"Cleaning & Household",Dustpan,66410,28,47815,200,115,False
SKU02534,"Instant & Frozen Food",Frozen Spring Roll,35452,24,26943,70,162,False
SKU02854,"Bakery & Biscuits",Cookies - Choco Chip,8148,35,5296,300,106,False
SKU02005,Personal Care,Nivea Body Lotion,61142,48,31793,150,0,True
SKU02046,Personal Care,Garnier Face Wash - Men,75460,1,74705,250,51,False
SKU01904,Personal Care,Colgate MaxFresh Toothpaste,82385,5,78265,75,110,False
SKU00014,"Fruits & Vegetables",Tomato - Hybrid,19937,47,10566,500,146,False
SKU02129,Personal Care,Perfume - Wild Stone,77632,13,67539,50,0,True
SKU01561,"Cleaning & Household",Lizol Floor Cleaner - Citrus,17013,20,13610,400,0,True
SKU03322,Pet Care,Cat Litter - Clumping,79539,11,70789,3000,195,False
SKU01002,"Snacks & Munchies",Dark Fantasy,26940,33,18049,400,118,False
SKU01283,Beverages,Paper Boat Aam Panna,22538,0,22538,750,166,False
SKU01235,Beverages,Maaza Mango 600ml,53246,63,19701,500,0,True
SKU02445,"Instant & Frozen Food",Oats - Quaker,38910,-4,11673,140,0,True
SKU02254,Personal Care,Talcum Powder - Ponds,91678,0,91678,50,99,False
SKU02746,"Bakery & Biscuits",Cream Roll,19795,21,15638,100,185,False
SKU02940,"Bakery & Biscuits",Cinnamon Roll,20233,20,16186,,51,False
SKU02180,Personal Care,Ear Buds,76129,9,69277,100,174,False